,https://vocab.egm.io/flow__value
0,261
1,368
2,601
3,632
4,588
5,677
6,802
7,594
8,398
9,261
10,165
11,112
12,112
13,11
14,13
15,22
16,60
17,104
18,244
19,235
20,308
21,718
22,567
23,505
24,546
25,648
26,710
27,649
28,528
29,352
30,251
31,183
32,130
33,88
34,16
35,22
36,18
37,47
38,97
39,169
40,229
41,316
42,561
43,605
44,599
45,632
46,763
47,673
48,641
49,547
50,446
51,251
52,202
53,169
54,158
55,40
56,30
57,19
58,31
59,32
60,142
61,251
62,516
63,612
64,754
65,1035
66,1620
67,2729
68,1963
69,945
70,597
71,478
72,252
73,192
74,192
75,58
76,40
77,19
78,12
79,20
80,62
81,89
82,239
83,439
84,521
85,643
86,766
87,736
88,742
89,638
90,420
91,238
92,163
93,84
94,26
95,47
96,3
97,2
98,21
99,58
100,102
101,200
102,260
103,291
104,335
105,645
106,568
107,564
108,719
109,625
110,490
111,407
112,162
113,97
114,62
115,29
116,2
117,5
118,24
119,58
120,121
121,254
122,211
123,400
124,516
125,623
126,560
127,590
128,773
129,740
130,817
131,647
132,451
133,272
134,134
135,74
136,74
137,3
138,6
139,23
140,58
141,123
142,331
143,284
144,459
145,562
146,635
147,618
148,698
149,700
150,931
151,860
152,623
153,494
154,232
155,150
156,107
157,56
158,4
159,6
160,15
161,59
162,115
163,265
164,290
165,447
166,551
167,631
168,639
169,639
170,710
171,744
172,814
173,669
174,438
175,235
176,188
177,106
178,95
179,10
180,13
181,32
182,59
183,85
184,219
185,464
186,432
187,600
188,674
189,737
190,805
191,846
192,902
193,1072
194,825
195,543
196,387
197,434
198,254
199,211
200,39
201,42
202,27
203,12
204,16
205,40
206,152
207,357
208,661
209,982
210,964
211,1265
212,1122
213,1047
214,853
215,652
216,495
217,320
218,157
219,178
220,189
221,38
222,26
223,8
224,12
225,17
226,23
227,89
228,141
229,363
230,522
231,899
232,1068
233,857
234,720
235,588
236,389
237,188
238,103
239,48
240,25
241,24
242,0
243,3
244,27
245,50
246,89
247,218
248,215
249,374
250,436
251,580
252,631
253,505
254,582
255,783
256,693
257,454
258,311
259,214
260,112
261,68
262,32
263,4
264,9
265,17
266,55
267,93
268,261
269,287
270,423
271,621
272,529
273,526
274,556
275,782
276,857
277,723
278,603
279,378
280,223
281,162
282,59
283,52
284,0
285,2
286,23
287,47
288,127
289,219
290,315
291,400
292,660
293,622
294,648
295,596
296,665
297,827
298,836
299,565
300,389
301,281
302,194
303,109
304,67
305,3
306,18
307,20
308,61
309,103
310,234
311,269
312,370
313,669
314,734
315,757
316,856
317,1181
318,1076
319,959
320,760
321,300
322,236
323,196
324,88
325,16
326,8
327,31
328,46
329,89
330,247
331,484
332,680
333,832
334,855
335,929
336,984
337,1160
338,1137
339,1044
340,823
341,468
342,255
343,194
344,191
345,63
346,41
347,20
348,18
349,29
350,36
351,169
352,382
353,1036
354,1423
355,1645
356,1939
357,2176
358,2119
359,2060
360,1616
361,1048
362,572
363,284
364,213
365,237
366,37
367,49
368,10
369,16
370,14
371,46
372,89
373,231
374,680
375,1206
376,1411
377,1542
378,1582
379,1592
380,1275
381,838
382,434
383,191
384,112
385,90
386,42
387,2
388,30
389,22
390,100
391,61
392,153
393,272
394,478
395,845
396,1034
397,1043
398,1051
399,1135
400,1220
401,1281
402,1029
403,672
404,296
405,203
406,147
407,162
408,63
409,49
410,36
411,22
412,36
413,27
414,128
415,575
416,930
417,1071
418,1241
419,1140
420,1430
421,1057
422,1254
423,517
424,275
425,132
426,76
427,62
428,6
429,7
430,23
431,42
432,89
433,190
434,261
435,451
436,706
437,669
438,624
439,740
440,795
441,980
442,1208
443,948
444,661
445,289
446,194
447,229
448,70
449,13
450,7
451,25
452,69
453,127
454,253
455,331
456,444
457,790
458,815
459,786
460,800
461,966
462,1169
463,1283
464,1003
465,709
466,338
467,258
468,165
469,107
470,66
471,19
472,46
473,61
474,107
475,303
476,348
477,522
478,580
479,886
480,962
481,1149
482,1249
483,1280
484,1398
485,1252
486,1131
487,620
488,276
489,241
490,248
491,47
492,40
493,27
494,13
495,21
496,51
497,120
498,341
499,860
500,1317
501,1614
502,1839
503,1975
504,1984
505,1599
506,1156
507,903
508,506
509,360
510,386
511,249
512,72
513,49
514,18
515,16
516,23
517,48
518,89
519,260
520,714
521,1079
522,1349
523,1419
524,1426
525,1453
526,1301
527,810
528,422
529,159
530,90
531,32
532,77
533,8
534,3
535,21
536,56
537,124
538,246
539,388
540,471
541,593
542,707
543,699
544,601
545,779
546,822
547,678
548,517
549,311
550,238
551,139
552,86
553,35
554,9
555,30
556,22
557,56
558,130
559,239
560,286
561,390
562,616
563,580
564,636
565,613
566,883
567,864
568,1469
569,736
570,339
571,308
572,194
573,95
574,25
575,8
576,9
577,49
578,108
579,187
580,247
581,548
582,803
583,882
584,816
585,961
586,1048
587,1272
588,1226
589,969
590,611
591,351
592,230
593,108
594,92
595,5
596,6
597,22
598,64
599,133
600,250
601,331
602,605
603,812
604,1002
605,981
606,967
607,1171
608,1421
609,1440
610,1159
611,759
612,351
613,215
614,173
615,118
616,16
617,15
618,15
619,69
620,106
621,167
622,186
623,427
624,772
625,1051
626,941
627,1169
628,1249
629,1347
630,1451
631,1295
632,898
633,621
634,270
635,223
636,145
637,116
638,84
639,26
640,34
641,47
642,53
643,162
644,390
645,943
646,1502
647,1768
648,1944
649,2143
650,1731
651,1686
652,1215
653,906
654,540
655,234
656,200
657,145
658,99
659,54
660,10
661,11
662,20
663,21
664,52
665,230
666,697
667,1067
668,1368
669,1711
670,1585
671,1097
672,762
673,553
674,346
675,187
676,117
677,43
678,38
679,34
680,19
681,18
682,57
683,200
684,227
685,261
686,435
687,888
688,1030
689,1049
690,1038
691,1156
692,1357
693,1487
694,1167
695,734
696,318
697,151
698,89
699,69
700,2
701,9
702,12
703,51
704,108
705,323
706,418
707,472
708,1017
709,1020
710,1039
711,1050
712,1218
713,1403
714,1339
715,1166
716,759
717,311
718,152
719,96
720,61
721,2
722,7
723,16
724,45
725,106
726,209
727,252
728,436
729,835
730,923
731,986
732,1226
733,1192
734,1354
735,1476
736,1158
737,881
738,305
739,203
740,105
741,47
742,6
743,10
744,17
745,56
746,117
747,196
748,229
749,446
750,713
751,920
752,1039
753,1200
754,1278
755,1421
756,1476
757,1225
758,815
759,324
760,131
761,131
762,38
763,30
764,16
765,9
766,27
767,60
768,92
769,163
770,346
771,560
772,654
773,600
774,633
775,723
776,666
777,582
778,459
779,334
780,162
781,107
782,69
783,30
784,7
785,8
786,10
787,8
788,11
789,26
790,70
791,196
792,336
793,260
794,370
795,388
796,302
797,248
798,192
799,182
800,119
801,99
802,65
803,73
804,52
805,1
806,6
807,0
808,5
809,9
810,9
811,25
812,56
813,159
814,239
815,273
816,362
817,357
818,393
819,308
820,180
821,136
822,101
823,60
824,33
825,29
826,3
827,2
828,4
829,14
830,10
831,23
832,41
833,106
834,192
835,428
836,645
837,620
838,559
839,426
840,409
841,281
842,166
843,110
844,90
845,34
846,23
847,5
848,9
849,6
850,15
851,40
852,52
853,204
854,393
855,434
856,590
857,643
858,579
859,696
860,683
861,620
862,497
863,320
864,174
865,102
866,49
867,32
868,1
869,4
870,6
871,22
872,48
873,86
874,171
875,275
876,518
877,687
878,822
879,876
880,871
881,919
882,728
883,569
884,413
885,235
886,128
887,74
888,59
889,1
890,19
891,18
892,28
893,33
894,87
895,158
896,410
897,473
898,735
899,701
900,667
901,764
902,815
903,761
904,594
905,346
906,203
907,80
908,65
909,60
910,6
911,20
912,5
913,24
914,32
915,61
916,108
917,246
918,458
919,694
920,699
921,757
922,771
923,813
924,665
925,675
926,418
927,340
928,157
929,135
930,92
931,11
932,22
933,12
934,32
935,23
936,27
937,74
938,203
939,291
940,434
941,511
942,601
943,600
944,505
945,447
946,416
947,361
948,395
949,425
950,583
951,618
952,115
953,109
954,40
955,13
956,13
957,18
958,60
959,266
960,388
961,433
962,530
963,439
964,414
965,298
966,203
967,154
968,89
969,54
970,34
971,32
972,0
973,11
974,7
975,38
976,48
977,124
978,167
979,482
980,451
981,625
982,587
983,659
984,697
985,793
986,673
987,508
988,336
989,177
990,91
991,55
992,23
993,1
994,6
995,8
996,30
997,58
998,127
999,190
1000,243
1001,323
1002,579
1003,637
1004,715
1005,773
1006,863
1007,668
1008,486
1009,330
1010,192
1011,101
1012,64
1013,31
1014,13
1015,7
1016,10
1017,37
1018,78
1019,143
1020,220
1021,415
1022,583
1023,658
1024,749
1025,719
1026,681
1027,874
1028,970
1029,573
1030,456
1031,310
1032,155
1033,99
1034,82
1035,4
1036,7
1037,10
1038,58
1039,137
1040,217
1041,232
1042,366
1043,521
1044,601
1045,708
1046,741
1047,804
1048,796
1049,643
1050,496
1051,357
1052,201
1053,187
1054,124
1055,74
1056,13
1057,22
1058,9
1059,18
1060,28
1061,40
1062,131
1063,154
1064,320
1065,491
1066,578
1067,586
1068,661
1069,583
1070,529
1071,441
1072,335
1073,244
1074,139
1075,104
1076,100
1077,20
1078,17
1079,17
1080,16
1081,25
1082,32
1083,104
1084,248
1085,454
1086,585
1087,916
1088,995
1089,1143
1090,717
1091,631
1092,429
1093,372
1094,242
1095,151
1096,165
1097,113
1098,18
1099,21
1100,17
1101,4
1102,14
1103,16
1104,76
1105,104
1106,267
1107,334
1108,478
1109,439
1110,416
1111,485
1112,415
1113,257
1114,234
1115,95
1116,60
1117,20
1118,22
1119,4
1120,2
1121,36
1122,43
1123,92
1124,185
1125,291
1126,280
1127,409
1128,409
1129,314
1130,479
1131,512
1132,672
1133,630
1134,391
1135,286
1136,200
1137,141
1138,85
1139,38
1140,16
1141,30
1142,73
1143,57
1144,98
1145,278
1146,266
1147,379
1148,439
1149,462
1150,406
1151,385
1152,537
1153,646
1154,536
1155,414
1156,323
1157,95
1158,55
1159,91
1160,40
1161,4
1162,18
1163,22
1164,44
1165,114
1166,217
1167,248
1168,250
1169,457
1170,547
1171,496
1172,523
1173,656
1174,710
1175,624
1176,445
1177,267
1178,181
1179,130
1180,57
1181,35
1182,2
1183,6
1184,14
1185,64
1186,104
1187,205
1188,220
1189,213
1190,424
1191,498
1192,468
1193,486
1194,629
1195,752
1196,590
1197,464
1198,339
1199,210
1200,113
1201,60
1202,83
1203,4
1204,4
1205,16
1206,40
1207,65
1208,185
1209,213
1210,258
1211,417
1212,610
1213,507
1214,514
1215,618
1216,619
1217,505
1218,413
1219,270
1220,217
1221,156
1222,129
1223,99
1224,32
1225,27
1226,21
1227,26
1228,19
1229,39
1230,77
1231,191
1232,321
1233,498
1234,593
1235,708
1236,712
1237,528
1238,445
1239,272
1240,226
1241,175
1242,147
1243,159
1244,133
1245,44
1246,20
1247,18
1248,7
1249,20
1250,20
1251,26
1252,84
1253,205
1254,242
1255,333
1256,358
1257,403
1258,368
1259,303
1260,178
1261,137
1262,67
1263,33
1264,25
1265,11
1266,3
1267,10
1268,20
1269,48
1270,73
1271,81
1272,143
1273,193
1274,336
1275,445
1276,428
1277,439
1278,485
1279,591
1280,545
1281,326
1282,251
1283,157
1284,91
1285,57
1286,18
1287,2
1288,7
1289,18
1290,35
1291,92
1292,169
1293,202
1294,254
1295,426
1296,345
1297,455
1298,457
1299,545
1300,552
1301,488
1302,342
1303,228
1304,158
1305,97
1306,44
1307,27
1308,2
1309,13
1310,39
1311,42
1312,159
1313,232
1314,260
1315,334
1316,520
1317,580
1318,582
1319,567
1320,688
1321,803
1322,833
1323,561
1324,383
1325,249
1326,148
1327,158
1328,62
1329,4
1330,21
1331,26
1332,53
1333,62
1334,257
1335,187
1336,263
1337,417
1338,517
1339,557
1340,614
1341,685
1342,682
1343,510
1344,455
1345,201
1346,169
1347,73
1348,40
1349,5
1350,10
1351,18
1352,57
1353,111
1354,243
1355,301
1356,483
1357,695
1358,584
1359,561
1360,566
1361,758
1362,741
1363,689
1364,623
1365,418
1366,317
1367,163
1368,159
1369,164
1370,54
1371,43
1372,11
1373,18
1374,41
1375,52
1376,99
1377,287
1378,498
1379,697
1380,781
1381,962
1382,1030
1383,1098
1384,961
1385,749
1386,437
1387,231
1388,216
1389,176
1390,146
1391,54
1392,29
1393,7
1394,26
1395,43
1396,29
1397,75
1398,138
1399,283
1400,430
1401,545
1402,563
1403,527
1404,507
1405,427
1406,286
1407,138
1408,114
1409,87
1410,28
1411,5
1412,1
1413,15
1414,32
1415,67
1416,117
1417,288
1418,281
1419,316
1420,506
1421,611
1422,480
1423,436
1424,546
1425,632
1426,530
1427,382
1428,283
1429,163
1430,95
1431,61
1432,27
1433,0
1434,6
1435,81
1436,63
1437,107
1438,196
1439,374
1440,237
1441,405
1442,497
1443,530
1444,521
1445,548
1446,667
1447,470
1448,352
1449,167
1450,102
1451,50
1452,62
1453,7
1454,6
1455,33
1456,64
1457,122
1458,266
1459,382
1460,276
1461,419
1462,473
1463,432
1464,563
1465,655
1466,539
1467,447
1468,309
1469,172
1470,102
1471,57
1472,44
1473,2
1474,6
1475,41
1476,42
1477,91
1478,272
1479,231
1480,301
1481,481
1482,540
1483,575
1484,505
1485,665
1486,723
1487,681
1488,542
1489,370
1490,231
1491,132
1492,104
1493,60
1494,13
1495,15
1496,26
1497,82
1498,126
1499,229
1500,261
1501,324
1502,491
1503,614
1504,627
1505,687
1506,707
1507,755
1508,700
1509,570
1510,367
1511,295
1512,155
1513,208
1514,130
1515,27
1516,8
1517,21
1518,4
1519,16
1520,37
1521,105
1522,217
1523,448
1524,639
1525,898
1526,789
1527,684
1528,598
1529,483
1530,347
1531,295
1532,266
1533,146
1534,86
1535,137
1536,48
1537,26
1538,9
1539,16
1540,10
1541,18
1542,44
1543,137
1544,231
1545,447
1546,498
1547,650
1548,562
1549,497
1550,333
1551,212
1552,104
1553,90
1554,46
1555,21
1556,14
1557,0
1558,0
1559,21
1560,48
1561,65
1562,139
1563,140
1564,224
1565,344
1566,433
1567,484
1568,487
1569,593
1570,638
1571,522
1572,365
1573,214
1574,127
1575,90
1576,24
1577,19
1578,1
1579,5
1580,34
1581,42
1582,87
1583,211
1584,215
1585,370
1586,428
1587,493
1588,480
1589,505
1590,545
1591,751
1592,628
1593,441
1594,316
1595,176
1596,92
1597,68
1598,19
1599,0
1600,4
1601,22
1602,104
1603,76
1604,165
1605,198
1606,377
1607,432
1608,584
1609,578
1610,467
1611,560
1612,720
1613,664
1614,459
1615,328
1616,262
1617,108
1618,65
1619,32
1620,5
1621,8
1622,35
1623,52
1624,84
1625,206
1626,278
1627,337
1628,522
1629,575
1630,539
1631,546
1632,804
1633,702
1634,522
1635,304
1636,161
1637,122
1638,72
1639,57
1640,5
1641,6
1642,19
1643,28
1644,93
1645,138
1646,175
1647,306
1648,545
1649,663
1650,666
1651,671
1652,686
1653,851
1654,668
1655,544
1656,388
1657,340
1658,178
1659,115
1660,83
1661,18
1662,23
1663,33
1664,51
1665,25
1666,36
1667,140
1668,251
1669,425
1670,576
1671,709
1672,899
1673,817
1674,738
1675,672
1676,521
1677,407
1678,275
1679,219
1680,181
1681,269
1682,51
1683,42
1684,17
1685,12
1686,66
1687,25
1688,69
1689,111
1690,276
1691,470
1692,450
1693,593
1694,518
1695,420
1696,382
1697,248
1698,148
1699,79
1700,48
1701,27
1702,56
1703,1
1704,25
1705,42
1706,77
1707,121
1708,236
1709,290
1710,217
1711,400
1712,437
1713,452
1714,505
1715,606
1716,702
1717,578
1718,427
1719,325
1720,160
1721,116
1722,52
1723,49
1724,2
1725,6
1726,14
1727,56
1728,110
1729,210
1730,228
1731,262
1732,510
1733,535
1734,482
1735,488
1736,712
1737,644
1738,640
1739,424
1740,291
1741,193
1742,105
1743,56
1744,88
1745,10
1746,5
1747,28
1748,63
1749,137
1750,299
1751,241
1752,409
1753,471
1754,559
1755,501
1756,459
1757,670
1758,744
1759,628
1760,516
1761,332
1762,224
1763,144
1764,62
1765,72
1766,5
1767,7
1768,48
1769,56
1770,113
1771,233
1772,258
1773,429
1774,476
1775,636
1776,836
1777,594
1778,560
1779,662
1780,587
1781,407
1782,230
1783,152
1784,120
1785,99
1786,80
1787,8
1788,22
1789,19
1790,46
1791,96
1792,177
1793,185
1794,246
1795,468
1796,580
1797,552
1798,633
1799,713
1800,859
1801,622
1802,540
1803,388
1804,302
1805,168
1806,170
1807,96
1808,28
1809,10
1810,12
1811,15
1812,7
1813,37
1814,108
1815,250
1816,741
1817,569
1818,796
1819,852
1820,1040
1821,896
1822,685
1823,508
1824,407
1825,277
1826,220
1827,268
1828,233
1829,57
1830,33
1831,12
1832,10
1833,6
1834,18
1835,74
1836,178
1837,384
1838,416
1839,438
1840,496
1841,480
1842,434
1843,363
1844,190
1845,138
1846,80
1847,56
1848,21
1849,19
1850,1
1851,5
1852,27
1853,31
1854,69
1855,189
1856,178
1857,221
1858,408
1859,487
1860,484
1861,413
1862,487
1863,664
1864,595
1865,439
1866,313
1867,150
1868,92
1869,46
1870,21
1871,3
1872,4
1873,26
1874,30
1875,121
1876,239
1877,233
1878,324
1879,517
1880,560
1881,518
1882,550
1883,681
1884,735
1885,675
1886,531
1887,374
1888,228
1889,110
1890,83
1891,74
1892,0
1893,5
1894,25
1895,32
1896,88
1897,209
1898,225
1899,197
1900,514
1901,554
1902,543
1903,556
1904,566
1905,772
1906,686
1907,469
1908,400
1909,204
1910,120
1911,63
1912,32
1913,3
1914,11
1915,18
1916,30
1917,90
1918,179
1919,178
1920,260
1921,467
1922,499
1923,472
1924,516
1925,532
1926,620
1927,605
1928,482
1929,304
1930,184
1931,109
1932,7
1933,0
1934,9
1935,20
1936,33
1937,48
1938,100
1939,204
1940,237
1941,283
1942,485
1943,521
1944,480
1945,487
1946,602
1947,572
1948,542
1949,434
1950,342
1951,246
1952,170
1953,137
1954,113
1955,26
1956,25
1957,17
1958,29
1959,24
1960,24
1961,84
1962,254
1963,361
1964,536
1965,610
1966,593
1967,640
1968,578
1969,513
1970,323
1971,309
1972,248
1973,207
1974,177
1975,122
1976,24
1977,41
1978,15
1979,13
1980,19
1981,27
1982,73
1983,159
1984,353
1985,453
1986,635
1987,483
1988,564
1989,474
1990,413
1991,322
1992,169
1993,114
1994,100
1995,36
1996,30
1997,6
1998,13
1999,48
2000,83
2001,86
2002,185
2003,277
2004,346
2005,526
2006,573
2007,613
2008,533
2009,666
2010,708
2011,631
2012,401
2013,323
2014,160
2015,101
2016,75
2017,32
2018,3
2019,5
2020,28
2021,68
2022,86
2023,189
2024,369
2025,563
2026,551
2027,583
2028,467
2029,726
2030,771
2031,778
2032,464
2033,313
2034,265
2035,172
2036,98
2037,55
2038,11
2039,23
2040,85
2041,102
2042,107
2043,197
2044,278
2045,349
2046,564
2047,609
2048,617
2049,592
2050,739
2051,765
2052,683
2053,543
2054,439
2055,307
2056,141
2057,83
2058,53
2059,7
2060,9
2061,30
2062,44
2063,71
2064,396
2065,289
2066,272
2067,420
2068,523
2069,444
2070,532
2071,634
2072,638
2073,576
2074,490
2075,324
2076,207
2077,96
2078,140
2079,35
2080,12
2081,8
2082,20
2083,24
2084,55
2085,111
2086,163
2087,320
2088,500
2089,595
2090,669
2091,789
2092,871
2093,1235
2094,1143
2095,1197
2096,644
2097,449
2098,226
2099,196
2100,221
2101,23
2102,33
2103,11
2104,7
2105,19
2106,39
2107,125
2108,224
2109,418
2110,596
2111,736
2112,918
2113,875
2114,737
2115,572
2116,384
2117,265
2118,196
2119,121
2120,161
2121,14
2122,43
2123,8
2124,11
2125,17
2126,33
2127,75
2128,156
2129,344
2130,407
2131,447
2132,618
2133,541
2134,510
2135,394
2136,240
2137,146
2138,80
2139,37
2140,30
2141,12
2142,6
2143,3
2144,21
2145,41
2146,80
2147,184
2148,408
2149,265
2150,454
2151,520
2152,568
2153,861
2154,609
2155,638
2156,565
2157,415
2158,269
2159,144
2160,70
2161,35
2162,20
2163,0
2164,10
2165,21
2166,39
2167,66
2168,229
2169,231
2170,293
2171,518
2172,521
2173,652
2174,584
2175,659
2176,833
2177,679
2178,445
2179,296
2180,147
2181,81
2182,59
2183,32
2184,1
2185,4
2186,18
2187,47
2188,85
2189,218
2190,307
2191,331
2192,473
2193,571
2194,572
2195,568
2196,600
2197,598
2198,447
2199,275
2200,173
2201,99
2202,60
2203,23
2204,3
2205,4
2206,21
2207,34
2208,89
2209,205
2210,333
2211,604
2212,627
2213,683
2214,741
2215,502
2216,368
2217,220
2218,166
2219,71
2220,56
2221,3
2222,18
2223,21
2224,46
2225,68
2226,197
2227,201
2228,272
2229,508
2230,551
2231,667
2232,613
2233,729
2234,772
2235,656
2236,481
2237,307
2238,217
2239,159
2240,100
2241,78
2242,28
2243,18
2244,12
2245,16
2246,45
2247,123
2248,255
2249,456
2250,638
2251,679
2252,743
2253,765
2254,676
2255,680
2256,505
2257,302
2258,239
2259,194
2260,193
2261,178
2262,50
2263,46
2264,5
2265,4
2266,14
2267,43
2268,99
2269,150
2270,306
2271,441
2272,478
2273,526
2274,483
2275,476
2276,389
2277,295
2278,161
2279,102
2280,30
2281,40
2282,22
2283,1
2284,1
2285,75
2286,51
2287,103
2288,229
2289,303
2290,377
2291,455
2292,519
2293,515
2294,524
2295,582
2296,648
2297,432
2298,268
2299,168
2300,119
2301,81
2302,33
2303,3
2304,11
2305,53
2306,63
2307,129
2308,258
2309,299
2310,336
2311,497
2312,521
2313,488
2314,703
2315,653
2316,451
2317,278
2318,161
2319,106
2320,60
2321,49
2322,5
2323,6
2324,39
2325,71
2326,106
2327,242
2328,407
2329,337
2330,466
2331,603
2332,519
2333,551
2334,575
2335,734
2336,636
2337,481
2338,392
2339,230
2340,156
2341,97
2342,90
2343,3
2344,28
2345,38
2346,55
2347,104
2348,254
2349,297
2350,349
2351,502
2352,590
2353,497
2354,498
2355,636
2356,697
2357,600
2358,524
2359,365
2360,265
2361,134
2362,98
2363,44
2364,8
2365,8
2366,64
2367,52
2368,130
2369,194
2370,200
2371,329
2372,638
2373,531
2374,589
2375,555
2376,672
2377,718
2378,696
2379,486
2380,295
2381,195
2382,190
2383,86
2384,107
2385,23
2386,20
2387,9
2388,53
2389,19
2390,53
2391,99
2392,282
2393,437
2394,528
2395,652
2396,706
2397,567
2398,598
2399,552
2400,365
2401,259
2402,177
2403,121
2404,133
2405,141
2406,57
2407,25
2408,10
2409,8
2410,14
2411,34
2412,107
2413,192
2414,309
2415,482
2416,562
2417,542
2418,510
2419,542
2420,424
2421,313
2422,203
2423,162
2424,79
2425,56
2426,26
2427,2
2428,7
2429,69
2430,70
2431,176
2432,480
2433,303
2434,295
2435,405
2436,466
2437,522
2438,498
2439,567
2440,666
2441,587
2442,435
2443,272
2444,102
2445,23
2446,2
2447,1
2448,3
2449,19
2450,50
2451,121
2452,223
2453,264
2454,284
2455,485
2456,518
2457,410
2458,429
2459,541
2460,609
2461,549
2462,427
2463,287
2464,180
2465,98
2466,54
2467,21
2468,0
2469,8
2470,22
2471,46
2472,137
2473,380
2474,254
2475,357
2476,581
2477,582
2478,609
2479,544
2480,683
2481,780
2482,719
2483,494
2484,324
2485,208
2486,158
2487,71
2488,32
2489,7
2490,7
2491,112
2492,78
2493,104
2494,226
2495,323
2496,323
2497,564
2498,631
2499,572
2500,523
2501,643
2502,673
2503,644
2504,532
2505,286
2506,205
2507,132
2508,80
2509,33
2510,10
2511,5
2512,29
2513,78
2514,110
2515,300
2516,253
2517,414
2518,564
2519,637
2520,630
2521,663
2522,723
2523,750
2524,736
2525,566
2526,428
2527,264
2528,222
2529,143
2530,142
2531,32
2532,11
2533,19
2534,36
2535,59
2536,69
2537,128
2538,309
2539,557
2540,729
2541,1145
2542,1093
2543,915
2544,775
2545,695
2546,464
2547,322
2548,280
2549,164
2550,227
2551,198
2552,53
2553,22
2554,18
2555,6
2556,15
2557,29
2558,80
2559,169
2560,336
2561,460
2562,527
2563,562
2564,600
2565,552
2566,425
2567,221
2568,155
2569,89
2570,77
2571,42
2572,11
2573,10
2574,33
2575,43
2576,115
2577,216
2578,226
2579,266
2580,432
2581,470
2582,487
2583,410
2584,511
2585,589
2586,546
2587,329
2588,250
2589,141
2590,66
2591,36
2592,22
2593,3
2594,4
2595,26
2596,52
2597,105
2598,258
2599,240
2600,333
2601,477
2602,554
2603,498
2604,524
2605,545
2606,676
2607,606
2608,495
2609,341
2610,145
2611,90
2612,46
2613,29
2614,2
2615,4
2616,32
2617,84
2618,99
2619,283
2620,311
2621,330
2622,433
2623,455
2624,528
2625,472
2626,562
2627,543
2628,363
2629,253
2630,127
2631,123
2632,103
2633,26
2634,1
2635,11
2636,14
2637,47
2638,85
2639,201
2640,235
2641,382
2642,462
2643,541
2644,546
2645,482
2646,616
2647,628
2648,622
2649,477
2650,314
2651,181
2652,122
2653,70
2654,40
2655,11
2656,10
2657,19
2658,58
2659,117
2660,190
2661,256
2662,471
2663,539
2664,582
2665,590
2666,602
2667,618
2668,619
2669,671
2670,539
2671,310
2672,112
2673,115
2674,67
2675,24
2676,17
2677,12
2678,23
2679,31
2680,121
2681,313
2682,544
2683,659
2684,787
2685,899
2686,788
2687,735
2688,652
2689,454
2690,333
2691,226
2692,141
2693,137
2694,146
2695,37
2696,15
2697,3
2698,24
2699,27
2700,71
2701,91
2702,307
2703,383
2704,510
2705,452
2706,531
2707,492
2708,533
2709,372
2710,155
2711,73
2712,70
2713,39
2714,24
2715,0
2716,4
2717,9
2718,55
2719,112
2720,240
2721,228
2722,269
2723,387
2724,450
2725,412
2726,428
2727,500
2728,732
2729,552
2730,412
2731,336
2732,175
2733,117
2734,87
2735,40
2736,2
2737,31
2738,29
2739,84
2740,121
2741,265
2742,274
2743,379
2744,580
2745,539
2746,563
2747,518
2748,630
2749,750
2750,746
2751,571
2752,406
2753,235
2754,211
2755,74
2756,31
2757,1
2758,2
2759,27
2760,64
2761,269
2762,759
2763,335
2764,706
2765,720
2766,456
2767,607
2768,653
2769,831
2770,710
2771,612
2772,480
2773,258
2774,183
2775,96
2776,86
2777,4
2778,8
2779,15
2780,45
2781,155
2782,283
2783,293
2784,406
2785,527
2786,692
2787,646
2788,616
2789,657
2790,798
2791,772
2792,589
2793,424
2794,347
2795,162
2796,93
2797,48
2798,8
2799,105
2800,51
2801,51
2802,94
2803,243
2804,261
2805,328
2806,527
2807,603
2808,597
2809,681
2810,687
2811,752
2812,674
2813,595
2814,517
2815,315
2816,219
2817,174
2818,124
2819,17
2820,16
2821,37
2822,15
2823,40
2824,131
2825,167
2826,297
2827,515
2828,667
2829,784
2830,869
2831,911
2832,752
2833,688
2834,646
2835,421
2836,243
2837,217
2838,155
2839,126
2840,45
2841,35
2842,20
2843,11
2844,25
2845,25
2846,100
2847,143
2848,334
2849,451
2850,484
2851,586
2852,528
2853,445
2854,447
2855,345
2856,206
2857,118
2858,49
2859,45
2860,30
2861,2
2862,2
2863,24
2864,46
2865,112
2866,231
2867,253
2868,277
2869,536
2870,542
2871,426
2872,407
2873,585
2874,702
2875,576
2876,527
2877,309
2878,167
2879,100
2880,66
2881,21
2882,0
2883,3
2884,28
2885,44
2886,91
2887,281
2888,296
2889,308
2890,527
2891,533
2892,538
2893,457
2894,624
2895,703
2896,756
2897,522
2898,333
2899,175
2900,82
2901,54
2902,37
2903,2
2904,4
2905,30
2906,48
2907,112
2908,222
2909,276
2910,296
2911,536
2912,606
2913,571
2914,517
2915,571
2916,599
2917,626
2918,397
2919,315
2920,181
2921,102
2922,76
2923,34
2924,1
2925,4
2926,13
2927,48
2928,127
2929,158
2930,267
2931,307
2932,434
2933,469
2934,555
2935,508
2936,588
2937,634
2938,515
2939,437
2940,300
2941,276
2942,165
2943,124
2944,64
2945,10
2946,10
2947,20
2948,13
2949,18
2950,46
2951,68
2952,132
2953,342
2954,451
2955,534
2956,565
2957,673
2958,562
2959,535
2960,543
2961,303
2962,284
2963,159
2964,133
2965,69
2966,15
2967,22
2968,16
2969,7
2970,24
2971,24
2972,97
2973,240
2974,451
2975,601
2976,683
2977,840
2978,777
2979,668
2980,640
2981,469
2982,329
2983,422
2984,376
2985,330
2986,124
2987,35
2988,17
2989,17
2990,6
2991,14
2992,20
2993,68
2994,169
2995,329
2996,384
2997,467
2998,496
2999,504
3000,424
3001,434
3002,362
3003,214
3004,165
3005,129
3006,48
3007,38
3008,5
3009,12
3010,12
3011,13
3012,40
3013,30
3014,53
3015,125
3016,276
3017,376
3018,381
3019,421
3020,487
3021,438
3022,334
3023,375
3024,112
3025,57
3026,28
3027,17
3028,1
3029,17
3030,38
3031,100
3032,219
3033,214
3034,323
3035,590
3036,572
3037,499
3038,462
3039,581
3040,655
3041,554
3042,467
3043,275
3044,170
3045,94
3046,42
3047,35
3048,2
3049,24
3050,22
3051,66
3052,90
3053,198
3054,281
3055,326
3056,582
3057,627
3058,527
3059,570
3060,613
3061,686
3062,668
3063,554
3064,379
3065,201
3066,112
3067,66
3068,36
3069,1
3070,7
3071,15
3072,40
3073,106
3074,230
3075,237
3076,441
3077,501
3078,505
3079,543
3080,557
3081,824
3082,727
3083,579
3084,493
3085,319
3086,189
3087,100
3088,78
3089,43
3090,3
3091,10
3092,37
3093,44
3094,106
3095,236
3096,331
3097,322
3098,551
3099,614
3100,603
3101,611
3102,763
3103,736
3104,745
3105,680
3106,373
3107,320
3108,201
3109,161
3110,109
3111,40
3112,17
3113,11
3114,17
3115,24
3116,36
3117,156
3118,392
3119,584
3120,677
3121,819
3122,877
3123,1001
3124,817
3125,780
3126,641
3127,317
3128,323
3129,143
3130,135
3131,94
3132,34
3133,43
3134,10
3135,5
3136,13
3137,23
3138,47
3139,126
3140,280
3141,443
3142,484
3143,568
3144,704
3145,592
3146,533
3147,381
3148,152
3149,134
3150,93
3151,51
3152,19
3153,3
3154,8
3155,20
3156,58
3157,119
3158,334
3159,288
3160,501
3161,521
3162,511
3163,454
3164,618
3165,633
3166,631
3167,580
3168,309
3169,192
3170,122
3171,61
3172,27
3173,3
3174,16
3175,29
3176,54
3177,114
3178,242
3179,270
3180,380
3181,597
3182,533
3183,514
3184,557
3185,647
3186,771
3187,773
3188,674
3189,423
3190,199
3191,98
3192,61
3193,23
3194,3
3195,3
3196,32
3197,41
3198,98
3199,220
3200,304
3201,346
3202,499
3203,598
3204,575
3205,576
3206,720
3207,788
3208,777
3209,698
3210,442
3211,262
3212,111
3213,66
3214,54
3215,2
3216,15
3217,28
3218,41
3219,85
3220,223
3221,238
3222,301
3223,505
3224,592
3225,487
3226,545
3227,625
3228,785
3229,672
3230,604
3231,415
3232,239
3233,165
3234,106
3235,61
3236,15
3237,22
3238,23
3239,35
3240,93
3241,235
3242,198
3243,425
3244,504
3245,671
3246,575
3247,603
3248,767
3249,781
3250,784
3251,699
3252,462
3253,405
3254,244
3255,221
3256,163
3257,34
3258,12
3259,15
3260,17
3261,19
3262,50
3263,135
3264,273
3265,542
3266,658
3267,759
3268,961
3269,1128
3270,968
3271,1069
3272,882
3273,572
3274,471
3275,288
3276,262
3277,242
3278,51
3279,42
3280,6
3281,6
3282,23
3283,27
3284,56
3285,179
3286,367
3287,424
3288,582
3289,649
3290,774
3291,725
3292,379
3293,182
3294,177
3295,80
3296,31
3297,13
3298,3
3299,5
3300,26
3301,58
3302,78
3303,170
3304,205
3305,302
3306,464
3307,534
3308,512
3309,464
3310,664
3311,649
3312,841
3313,628
3314,359
3315,159
3316,96
3317,48
3318,21
3319,5
3320,2
3321,19
3322,40
3323,83
3324,275
3325,249
3326,387
3327,655
3328,650
3329,577
3330,545
3331,590
3332,758
3333,658
3334,526
3335,385
3336,237
3337,143
3338,70
3339,39
3340,5
3341,5
3342,15
3343,53
3344,115
3345,202
3346,282
3347,429
3348,787
3349,695
3350,470
3351,524
3352,630
3353,796
3354,683
3355,512
3356,336
3357,293
3358,148
3359,58
3360,27
3361,4
3362,13
3363,29
3364,50
3365,95
3366,216
3367,277
3368,290
3369,582
3370,649
3371,588
3372,550
3373,690
3374,744
3375,746
3376,665
3377,348
3378,241
3379,164
3380,85
3381,62
3382,11
3383,7
3384,19
3385,53
3386,97
3387,206
3388,230
3389,344
3390,460
3391,650
3392,590
3393,611
3394,813
3395,725
3396,719
3397,624
3398,404
3399,275
3400,205
3401,175
3402,171
3403,37
3404,13
3405,24
3406,12
3407,9
3408,51
3409,109
3410,308
3411,519
3412,675
3413,748
3414,862
3415,982
3416,739
3417,665
3418,510
3419,359
3420,321
3421,125
3422,144
3423,115
3424,266
3425,456
3426,498
3427,597
3428,687
3429,676
3430,1206
3431,2584
3432,1176
3433,641
3434,453
3435,382
3436,388
3437,105
3438,64
3439,35
3440,13
3441,24
3442,24
3443,67
3444,209
3445,465
3446,652
3447,826
3448,1084
3449,834
3450,775
3451,583
3452,486
3453,264
3454,92
3455,55
3456,33
3457,4
3458,17
3459,45
3460,101
3461,213
3462,201
3463,280
3464,481
3465,381
3466,335
3467,419
3468,477
3469,542
3470,568
3471,388
3472,280
3473,161
3474,78
3475,56
3476,22
3477,2
3478,7
3479,19
3480,48
3481,109
3482,300
3483,246
3484,387
3485,608
3486,605
3487,708
3488,598
3489,680
3490,914
3491,572
3492,373
3493,248
3494,123
3495,80
3496,41
3497,0
3498,8
3499,26
3500,71
3501,140
3502,299
3503,399
3504,465
3505,483
3506,496
3507,541
3508,524
3509,630
3510,742
3511,792
3512,550
3513,362
3514,203
3515,100
3516,66
3517,32
3518,4
3519,8
3520,22
3521,55
3522,101
3523,230
3524,238
3525,320
3526,581
3527,558
3528,580
3529,613
3530,688
3531,679
3532,678
3533,505
3534,387
3535,285
3536,183
3537,155
3538,95
3539,45
3540,24
3541,3
3542,28
3543,20
3544,48
3545,150
3546,295
3547,558
3548,623
3549,688
3550,867
3551,849
3552,772
3553,845
3554,524
3555,350
3556,275
3557,222
3558,217
3559,136
3560,41
3561,20
3562,26
3563,11
3564,22
3565,41
3566,68
3567,228
3568,351
3569,485
3570,534
3571,626
3572,701
3573,717
3574,751
3575,434
3576,252
3577,110
3578,81
3579,53
3580,23
3581,6
3582,15
3583,15
3584,43
3585,123
3586,239
3587,275
3588,529
3589,588
3590,559
3591,520
3592,717
3593,890
3594,921
3595,616
3596,361
3597,230
3598,127
3599,38
3600,37
3601,1
3602,18
3603,16
3604,53
3605,145
3606,318
3607,310
3608,386
3609,591
3610,632
3611,537
3612,484
3613,810
3614,927
3615,1005
3616,604
3617,457
3618,225
3619,161
3620,71
3621,43
3622,17
3623,6
3624,22
3625,45
3626,122
3627,249
3628,233
3629,323
3630,538
3631,491
3632,539
3633,512
3634,766
3635,968
3636,992
3637,660
3638,399
3639,264
3640,200
3641,84
3642,78
3643,20
3644,7
3645,18
3646,41
3647,106
3648,292
3649,323
3650,458
3651,640
3652,577
3653,569
3654,871
3655,989
3656,1016
3657,684
3658,458
3659,303
3660,190
3661,119
3662,72
3663,11
3664,11
3665,24
3666,51
3667,70
3668,139
3669,112
3670,187
3671,403
3672,702
3673,754
3674,689
3675,947
3676,977
3677,1027
3678,855
3679,550
3680,441
3681,326
3682,218
3683,184
3684,46
3685,22
3686,18
3687,18
3688,23
3689,62
3690,151
3691,387
3692,657
3693,673
3694,793
3695,866
3696,1072
3697,955
3698,1037
3699,707
3700,464
3701,293
3702,289
3703,218
3704,116
3705,83
3706,62
3707,19
3708,8
3709,26
3710,22
3711,56
3712,183
3713,350
3714,406
3715,508
3716,593
3717,656
3718,635
3719,700
3720,411
3721,216
3722,185
3723,106
3724,52
3725,36
3726,2
3727,15
3728,22
3729,44
3730,118
3731,261
3732,305
3733,389
3734,588
3735,717
3736,582
3737,626
3738,788
3739,855
3740,803
3741,587
3742,338
3743,167
3744,134
3745,77
3746,40
3747,10
3748,10
3749,22
3750,62
3751,112
3752,243
3753,209
3754,309
3755,458
3756,457
3757,413
3758,432
3759,463
3760,606
3761,604
3762,417
3763,332
3764,213
3765,121
3766,64
3767,25
3768,10
3769,7
3770,15
3771,56
3772,98
3773,274
3774,253
3775,378
3776,497
3777,689
3778,614
3779,530
3780,676
3781,764
3782,656
3783,480
3784,315
3785,234
3786,171
3787,112
3788,106
3789,24
3790,10
3791,20
3792,36
3793,31
3794,71
3795,126
3796,274
3797,566
3798,623
3799,847
3800,754
3801,689
3802,642
3803,587
3804,437
3805,296
3806,189
3807,130
3808,103
3809,46
3810,5
3811,9
3812,13
3813,45
3814,63
3815,188
3816,191
3817,451
3818,875
3819,922
3820,930
3821,860
3822,961
3823,1005
3824,985
3825,728
3826,482
3827,354
3828,226
3829,196
3830,137
3831,19
3832,14
3833,13
3834,11
3835,20
3836,23
3837,128
3838,232
3839,600
3840,886
3841,822
3842,931
3843,1038
3844,1002
3845,984
3846,635
3847,557
3848,379
3849,349
3850,329
3851,289
3852,75
3853,83
3854,15
3855,16
3856,13
3857,28
3858,65
3859,149
3860,400
3861,534
3862,581
3863,644
3864,583
3865,518
3866,339
3867,236
3868,155
3869,104
3870,65
3871,31
3872,2
3873,16
3874,20
3875,85
3876,90
3877,289
3878,242
3879,335
3880,602
3881,588
3882,587
3883,530
3884,670
3885,775
3886,769
3887,507
3888,426
3889,212
3890,141
3891,80
3892,57
3893,3
3894,12
3895,15
3896,66
3897,112
3898,291
3899,287
3900,468
3901,719
3902,687
3903,637
3904,661
3905,670
3906,605
3907,859
3908,535
3909,432
3910,326
3911,198
3912,97
3913,81
3914,18
3915,94
3916,125
3917,237
3918,324
3919,499
3920,697
3921,725
3922,637
3923,712
3924,735
3925,865
3926,902
3927,683
3928,586
3929,374
3930,323
3931,208
3932,103
3933,9
3934,102
3935,294
3936,336
3937,370
3938,579
3939,688
3940,707
3941,690
3942,733
3943,853
3944,961
3945,695
3946,479
3947,324
3948,207
3949,206
3950,106
3951,10
3952,18
3953,28
3954,50
3955,120
3956,261
3957,356
3958,460
3959,663
3960,740
3961,797
3962,546
3963,903
3964,925
3965,904
3966,735
3967,514
3968,358
3969,287
3970,255
3971,214
3972,46
3973,39
3974,7
3975,16
3976,23
3977,57
3978,143
3979,384
3980,642
3981,791
3982,979
3983,981
3984,1084
3985,1055
3986,962
3987,740
3988,457
3989,423
3990,326
3991,279
3992,246
3993,99
3994,80
3995,25
3996,10
3997,12
3998,25
3999,80
4000,198
4001,462
4002,670
4003,676
4004,758
4005,858
4006,705
4007,436
4008,217
4009,151
4010,112
4011,42
4012,34
4013,8
4014,15
4015,35
4016,91
4017,96
4018,218
4019,335
4020,491
4021,865
4022,835
4023,783
4024,828
4025,816
4026,899
4027,761
4028,520
4029,439
4030,249
4031,116
4032,80
4033,41
4034,1
4035,5
4036,25
4037,50
4038,141
4039,275
4040,293
4041,503
4042,719
4043,804
4044,803
4045,756
4046,775
4047,1057
4048,1025
4049,641
4050,462
4051,236
4052,176
4053,121
4054,48
4055,7
4056,39
4057,29
4058,56
4059,134
4060,260
4061,336
4062,506
4063,689
4064,795
4065,803
4066,662
4067,818
4068,884
4069,1026
4070,692
4071,485
4072,242
4073,197
4074,126
4075,67
4076,25
4077,9
4078,22
4079,64
4080,150
4081,334
4082,407
4083,638
4084,793
4085,881
4086,740
4087,710
4088,729
4089,1016
4090,909
4091,739
4092,472
4093,311
4094,174
4095,162
4096,110
4097,7
4098,15
4099,40
4100,62
4101,78
4102,62
4103,52
4104,85
4105,528
4106,815
4107,831
4108,717
4109,722
4110,934
4111,782
4112,673
4113,469
4114,350
4115,266
4116,194
4117,167
4118,43
4119,19
4120,20
4121,13
4122,14
4123,63
4124,208
4125,278
4126,597
4127,637
4128,822
4129,775
4130,655
4131,662
4132,677
4133,456
4134,394
4135,306
4136,282
4137,244
4138,415
4139,119
4140,59
4141,32
4142,13
4143,18
4144,30
4145,60
4146,149
4147,324
4148,533
4149,620
4150,777
4151,680
4152,602
4153,515
4154,322
4155,201
4156,169
4157,99
4158,68
4159,36
4160,4
4161,13
4162,15
4163,76
4164,137
4165,311
4166,477
4167,472
4168,731
4169,708
4170,684
4171,656
4172,785
4173,900
4174,821
4175,553
4176,408
4177,268
4178,154
4179,104
4180,52
4181,6
4182,11
4183,21
4184,80
4185,151
4186,327
4187,314
4188,492
4189,699
4190,834
4191,675
4192,629
4193,805
4194,868
4195,776
4196,583
4197,457
4198,333
4199,222
4200,147
4201,60
4202,2
4203,26
4204,15
4205,62
4206,126
4207,310
4208,292
4209,724
4210,844
4211,742
4212,690
4213,856
4214,1038
4215,989
4216,703
4217,507
4218,355
4219,292
4220,164
4221,89
4222,4
4223,12
4224,23
4225,68
4226,154
4227,288
4228,330
4229,525
4230,669
4231,661
4232,468
4233,605
4234,838
4235,936
4236,702
4237,629
4238,434
4239,243
4240,281
4241,206
4242,141
4243,19
4244,31
4245,110
4246,62
4247,73
4248,268
4249,268
4250,388
4251,683
4252,762
4253,707
4254,798
4255,838
4256,974
4257,941
4258,715
4259,629
4260,537
4261,355
4262,326
4263,225
4264,60
4265,32
4266,32
4267,17
4268,18
4269,102
4270,195
4271,453
4272,784
4273,909
4274,1036
4275,1685
4276,1521
4277,2135
4278,2029
4279,818
4280,624
4281,470
4282,289
4283,345
4284,289
4285,97
4286,65
4287,39
4288,26
4289,11
4290,37
4291,60
4292,186
4293,395
4294,510
4295,543
4296,677
4297,659
4298,618
4299,632
4300,453
4301,308
4302,268
4303,156
4304,98
4305,45
4306,7
4307,17
4308,41
4309,64
4310,94
4311,228
4312,332
4313,377
4314,652
4315,761
4316,711
4317,726
4318,825
4319,1008
4320,953
4321,778
4322,607
4323,421
4324,250
4325,132
4326,74
4327,8
4328,19
4329,26
4330,62
4331,99
4332,266
4333,287
4334,442
4335,717
4336,718
4337,619
4338,604
4339,619
4340,819
4341,786
4342,693
4343,606
4344,416
4345,224
4346,177
4347,83
4348,24
4349,5
4350,28
4351,60
4352,87
4353,231
4354,342
4355,386
4356,590
4357,808
4358,642
4359,680
4360,810
4361,881
4362,867
4363,720
4364,543
4365,416
4366,294
4367,264
4368,169
4369,10
4370,13
4371,37
4372,68
4373,81
4374,44
4375,54
4376,76
4377,178
4378,431
4379,428
4380,559
4381,653
4382,760
4383,798
4384,729
4385,621
4386,427
4387,268
4388,277
4389,186
4390,28
4391,42
4392,76
4393,84
4394,111
4395,190
4396,194
4397,298
4398,396
4399,531
4400,558
4401,675
4402,743
4403,668
4404,653
4405,630
4406,569
4407,401
4408,377
4409,490
4410,465
4411,64
4412,67
4413,17
4414,31
4415,22
4416,58
4417,108
4418,287
4419,465
4420,610
4421,676
4422,670
4423,654
4424,680
4425,598
4426,538
4427,471
4428,429
4429,395
4430,444
4431,279
4432,92
4433,72
4434,24
4435,26
4436,24
4437,69
4438,92
4439,206
4440,397
4441,573
4442,601
4443,740
4444,634
4445,663
4446,494
4447,454
4448,308
4449,246
4450,173
4451,115
4452,61
4453,1
4454,8
4455,25
4456,68
4457,114
4458,201
4459,287
4460,392
4461,570
4462,598
4463,735
4464,570
4465,414
4466,334
4467,254
4468,135
4469,84
4470,24
4471,23
4472,26
4473,32
4474,118
4475,193
4476,217
4477,388
4478,757
4479,667
4480,513
4481,536
4482,620
4483,654
4484,635
4485,535
4486,349
4487,217
4488,151
4489,111
4490,7
4491,32
4492,22
4493,57
4494,76
4495,128
4496,200
4497,278
4498,365
4499,327
4500,336
4501,376
4502,617
4503,626
4504,628
4505,640
4506,504
4507,325
4508,236
4509,209
4510,117
4511,9
4512,19
4513,23
4514,58
4515,48
4516,148
4517,218
4518,354
4519,472
4520,508
4521,557
4522,498
4523,520
4524,531
4525,506
4526,438
4527,411
4528,233
4529,147
4530,112
4531,64
4532,14
4533,7
4534,15
4535,27
4536,25
4537,32
4538,76
4539,208
4540,255
4541,339
4542,261
4543,275
4544,257
4545,265
4546,329
4547,346
4548,282
4549,246
4550,269
4551,273
4552,281
4553,35
4554,55
4555,14
4556,18
4557,21
4558,30
4559,68
4560,147
4561,289
4562,329
4563,331
4564,354
4565,358
4566,307
4567,340
4568,297
4569,253
4570,199
4571,227
4572,177
4573,197
4574,44
4575,29
4576,8
4577,13
4578,7
4579,24
4580,36
4581,101
4582,205
4583,312
4584,387
4585,436
4586,407
4587,393
4588,355
4589,295
4590,205
4591,121
4592,133
4593,75
4594,32
4595,1
4596,15
4597,27
4598,48
4599,118
4600,165
4601,212
4602,303
4603,544
4604,523
4605,559
4606,481
4607,530
4608,616
4609,660
4610,537
4611,456
4612,242
4613,145
4614,114
4615,51
4616,4
4617,4
4618,24
4619,49
4620,111
4621,145
4622,246
4623,278
4624,620
4625,642
4626,504
4627,522
4628,615
4629,604
4630,658
4631,602
4632,449
4633,254
4634,184
4635,114
4636,66
4637,8
4638,24
4639,73
4640,45
4641,110
4642,104
4643,140
4644,290
4645,553
4646,559
4647,545
4648,505
4649,555
4650,582
4651,611
4652,642
4653,522
4654,320
4655,203
4656,146
4657,126
4658,31
4659,8
4660,28
4661,58
4662,109
4663,93
4664,133
4665,290
4666,475
4667,510
4668,481
4669,593
4670,703
4671,705
4672,648
4673,511
4674,361
4675,330
4676,221
4677,143
4678,12
4679,17
4680,19
4681,42
4682,61
4683,157
4684,211
4685,351
4686,548
4687,659
4688,709
4689,688
4690,656
4691,952
4692,779
4693,574
4694,465
4695,199
4696,113
4697,49
4698,43
4699,4
4700,17
4701,26
4702,62
4703,89
4704,107
4705,225
4706,366
4707,686
4708,756
4709,855
4710,850
4711,847
4712,900
4713,827
4714,621
4715,502
4716,284
4717,176
4718,163
4719,70
4720,0
4721,10
4722,27
4723,31
4724,56
4725,98
4726,200
4727,317
4728,544
4729,757
4730,761
4731,907
4732,6
4733,6
4734,1
4735,3
4736,0
4737,0
4738,0
4739,2
4740,16
4741,10
4742,22
4743,17
4744,13
4745,31
4746,13
4747,17
4748,23
4749,13
4750,11
4751,9
4752,4
4753,0
4754,4
4755,0
4756,0
4757,0
4758,0
4759,2
4760,3
4761,4
4762,8
4763,37
4764,93
4765,211
4766,19
4767,15
4768,9
4769,26
4770,4
4771,1
4772,11
4773,15
4774,5
4775,2
4776,0
4777,8
4778,0
4779,0
4780,0
4781,1
4782,1
4783,6
4784,7
4785,4
4786,15
4787,17
4788,34
4789,16
4790,10
4791,19
4792,15
4793,25
4794,13
4795,7
4796,10
4797,1
4798,0
4799,0
4800,0
4801,0
4802,1
4803,2
4804,2
4805,0
4806,2
4807,12
4808,20
4809,9
4810,14
4811,13
4812,5
4813,1
4814,0
4815,1
4816,2
4817,0
4818,0
4819,0
4820,0
4821,1
4822,3
4823,3
4824,3
4825,7
4826,9
4827,10
4828,88
4829,22
4830,535
4831,774
4832,760
4833,595
4834,417
4835,358
4836,213
4837,179
4838,44
4839,15
4840,3
4841,27
4842,53
4843,61
4844,100
4845,198
4846,373
4847,541
4848,757
4849,720
4850,776
4851,842
4852,881
4853,933
4854,741
4855,513
4856,419
4857,338
4858,174
4859,100
4860,8
4861,19
4862,41
4863,54
4864,66
4865,89
4866,175
4867,391
4868,736
4869,678
4870,721
4871,804
4872,795
4873,843
4874,804
4875,676
4876,628
4877,515
4878,321
4879,287
4880,188
4881,11
4882,28
4883,26
4884,64
4885,64
4886,95
4887,265
4888,430
4889,659
4890,458
4891,855
4892,832
4893,865
4894,919
4895,950
4896,865
4897,635
4898,405
4899,245
4900,279
4901,110
4902,7
4903,27
4904,29
4905,61
4906,80
4907,105
4908,164
4909,320
4910,663
4911,757
4912,787
4913,782
4914,920
4915,783
4916,760
4917,682
4918,573
4919,433
4920,339
4921,342
4922,203
4923,72
4924,43
4925,13
4926,13
4927,26
4928,43
4929,160
4930,328
4931,604
4932,694
4933,704
4934,836
4935,801
4936,775
4937,803
4938,610
4939,594
4940,455
4941,412
4942,481
4943,464
4944,72
4945,50
4946,11
4947,8
4948,18
4949,21
4950,85
4951,194
4952,458
4953,472
4954,499
4955,638
4956,645
4957,632
4958,541
4959,517
4960,312
4961,199
4962,111
4963,26
4964,54
4965,10
4966,19
4967,45
4968,53
4969,51
4970,120
4971,177
4972,362
4973,630
4974,667
4975,702
4976,731
4977,899
4978,882
4979,845
4980,685
4981,533
4982,351
4983,209
4984,95
4985,78
4986,4
4987,22
4988,32
4989,63
4990,50
4991,90
4992,214
4993,256
4994,650
4995,809
4996,824
4997,798
4998,901
4999,890
5000,872
5001,683
5002,515
5003,253
5004,118
5005,97
5006,83
5007,5
5008,9
5009,36
5010,65
5011,55
5012,82
5013,238
5014,376
5015,526
5016,728
5017,742
5018,838
5019,1036
5020,1118
5021,1332
5022,897
5023,486
5024,396
5025,308
5026,164
5027,91
5028,12
5029,20
5030,25
5031,53
5032,59
5033,83
5034,188
5035,367
5036,699
5037,520
5038,793
5039,805
5040,838
5041,926
5042,801
5043,644
5044,489
5045,396
5046,209
5047,168
5048,93
5049,23
5050,16
5051,24
5052,47
5053,41
5054,58
5055,160
5056,289
5057,380
5058,681
5059,762
5060,873
5061,1574
5062,916
5063,846
5064,654
5065,612
5066,427
5067,352
5068,350
5069,233
5070,43
5071,19
5072,33
5073,15
5074,24
5075,50
5076,153
5077,288
5078,577
5079,514
5080,777
5081,1005
5082,1021
5083,1018
5084,1016
5085,715
5086,593
5087,471
5088,361
5089,305
5090,279
5091,70
5092,43
5093,21
5094,14
5095,14
5096,27
5097,87
5098,276
5099,435
5100,574
5101,593
5102,695
5103,687
5104,774
5105,734
5106,592
5107,390
5108,240
5109,146
5110,88
5111,63
5112,11
5113,15
5114,24
5115,49
5116,69
5117,110
5118,264
5119,482
5120,822
5121,739
5122,725
5123,753
5124,916
5125,840
5126,815
5127,739
5128,629
5129,331
5130,326
5131,224
5132,95
5133,2
5134,3
5135,39
5136,76
5137,68
5138,119
5139,224
5140,423
5141,681
5142,756
5143,723
5144,853
5145,854
5146,901
5147,825
5148,609
5149,452
5150,264
5151,236
5152,118
5153,49
5154,5
5155,12
5156,45
5157,56
5158,49
5159,95
5160,174
5161,325
5162,623
5163,637
5164,684
5165,789
5166,924
5167,961
5168,875
5169,781
5170,539
5171,384
5172,248
5173,265
5174,108
5175,9
5176,18
5177,18
5178,42
5179,55
5180,102
5181,175
5182,405
5183,569
5184,668
5185,707
5186,751
5187,817
5188,761
5189,785
5190,631
5191,516
5192,393
5193,214
5194,216
5195,108
5196,5
5197,20
5198,24
5199,57
5200,37
5201,78
5202,163
5203,320
5204,482
5205,582
5206,645
5207,777
5208,698
5209,802
5210,856
5211,849
5212,543
5213,441
5214,311
5215,266
5216,168
5217,32
5218,37
5219,17
5220,17
5221,30
5222,25
5223,103
5224,303
5225,543
5226,631
5227,709
5228,741
5229,476
5230,543
5231,515
5232,315
5233,324
5234,268
5235,250
5236,231
5237,325
5238,67
5239,40
5240,13
5241,10
5242,15
5243,34
5244,88
5245,220
5246,423
5247,535
5248,648
5249,628
5250,816
5251,854
5252,565
5253,555
5254,390
5255,276
5256,166
5257,111
5258,51
5259,5
5260,27
5261,27
5262,74
5263,50
5264,124
5265,168
5266,281
5267,591
5268,664
5269,620
5270,710
5271,696
5272,809
5273,770
5274,699
5275,498
5276,312
5277,184
5278,67
5279,64
5280,8
5281,5
5282,23
5283,44
5284,38
5285,92
5286,150
5287,319
5288,574
5289,604
5290,595
5291,665
5292,541
5293,477
5294,489
5295,531
5296,442
5297,238
5298,148
5299,114
5300,68
5301,3
5302,5
5303,15
5304,28
5305,46
5306,90
5307,176
5308,290
5309,598
5310,524
5311,538
5312,664
5313,761
5314,768
5315,754
5316,566
5317,493
5318,287
5319,201
5320,88
5321,94
5322,8
5323,8
5324,24
5325,39
5326,53
5327,102
5328,167
5329,399
5330,536
5331,841
5332,706
5333,699
5334,713
5335,631
5336,634
5337,474
5338,302
5339,171
5340,119
5341,93
5342,65
5343,4
5344,5
5345,35
5346,46
5347,42
5348,63
5349,164
5350,273
5351,599
5352,572
5353,541
5354,632
5355,743
5356,667
5357,585
5358,480
5359,420
5360,410
5361,231
5362,295
5363,166
5364,72
5365,53
5366,9
5367,4
5368,8
5369,23
5370,93
5371,186
5372,529
5373,534
5374,609
5375,715
5376,923
5377,830
5378,849
5379,771
5380,711
5381,615
5382,453
5383,384
5384,283
5385,143
5386,54
5387,14
5388,13
5389,18
5390,13
5391,87
5392,156
5393,270
5394,430
5395,466
5396,540
5397,590
5398,542
5399,618
5400,495
5401,349
5402,200
5403,152
5404,75
5405,39
5406,8
5407,10
5408,22
5409,67
5410,85
5411,113
5412,264
5413,515
5414,537
5415,533
5416,624
5417,628
5418,787
5419,666
5420,727
5421,481
5422,415
5423,264
5424,5
5425,4
5426,0
5427,0
5428,2
5429,13
5430,7
5431,16
5432,17
5433,90
5434,96
5435,38
5436,33
5437,32
5438,52
5439,64
5440,62
5441,60
5442,39
5443,26
5444,22
5445,9
5446,2
5447,0
5448,21
5449,0
5450,1
5451,2
5452,16
5453,13
5454,5
5455,61
5456,69
5457,79
5458,73
5459,64
5460,64
5461,88
5462,38
5463,14
5464,37
5465,0
5466,0
5467,0
5468,14
5469,31
5470,0
5471,2
5472,0
5473,7
5474,9
5475,126
5476,171
5477,62
5478,48
5479,31
5480,31
5481,50
5482,62
5483,44
5484,30
5485,66
5486,120
5487,81
5488,35
5489,0
5490,34
5491,4
5492,6
5493,2
5494,3
5495,6
5496,97
5497,135
5498,148
5499,140
5500,159
5501,91
5502,332
5503,562
5504,531
5505,469
5506,468
5507,282
5508,334
5509,177
5510,57
5511,4
5512,2
5513,3
5514,1
5515,0
5516,7
5517,93
5518,72
5519,72
5520,159
5521,156
5522,101
5523,127
5524,117
5525,163
5526,62
5527,50
5528,59
5529,161
5530,82
5531,1
5532,0
5533,0
5534,0
5535,0
5536,0
5537,0
5538,4
5539,30
5540,56
5541,44
5542,74
5543,42
5544,62
5545,4
5546,1
5547,2
5548,1
5549,0
5550,0
5551,0
5552,0
5553,37
5554,12
5555,129
5556,173
5557,331
5558,521
5559,568
5560,519
5561,514
5562,650
5563,656
5564,702
5565,596
5566,492
5567,306
5568,172
5569,105
5570,38
5571,0
5572,22
5573,25
5574,45
5575,79
5576,90
5577,49
5578,313
5579,408
5580,430
5581,435
5582,562
5583,831
5584,843
5585,827
5586,826
5587,622
5588,345
5589,233
5590,116
5591,63
5592,1
5593,6
5594,44
5595,62
5596,92
5597,142
5598,213
5599,329
5600,652
5601,703
5602,775
5603,660
5604,716
5605,891
5606,800
5607,644
5608,405
5609,279
5610,221
5611,151
5612,78
5613,10
5614,18
5615,29
5616,54
5617,115
5618,42
5619,39
5620,17
5621,43
5622,13
5623,37
5624,190
5625,820
5626,891
5627,1025
5628,909
5629,932
5630,858
5631,679
5632,443
5633,228
5634,11
5635,27
5636,35
5637,56
5638,69
5639,124
5640,172
5641,305
5642,654
5643,652
5644,651
5645,732
5646,758
5647,867
5648,730
5649,718
5650,574
5651,431
5652,281
5653,250
5654,239
5655,26
5656,16
5657,6
5658,6
5659,12
5660,35
5661,154
5662,299
5663,511
5664,635
5665,837
5666,868
5667,785
5668,840
5669,723
5670,577
5671,392
5672,350
5673,222
5674,213
5675,354
5676,60
5677,54
5678,6
5679,10
5680,17
5681,27
5682,77
5683,191
5684,387
5685,539
5686,695
5687,722
5688,680
5689,701
5690,661
5691,597
5692,344
5693,273
5694,141
5695,75
5696,38
5697,9
5698,12
5699,26
5700,72
5701,98
5702,199
5703,221
5704,287
5705,480
5706,560
5707,527
5708,531
5709,623
5710,794
5711,680
5712,536
5713,420
5714,234
5715,140
5716,69
5717,49
5718,1
5719,17
5720,25
5721,62
5722,95
5723,228
5724,210
5725,398
5726,610
5727,657
5728,640
5729,535
5730,657
5731,772
5732,780
5733,640
5734,474
5735,280
5736,158
5737,113
5738,55
5739,3
5740,17
5741,27
5742,67
5743,117
5744,152
5745,252
5746,469
5747,727
5748,747
5749,657
5750,654
5751,899
5752,741
5753,592
5754,488
5755,256
5756,193
5757,141
5758,74
5759,3
5760,33
5761,28
5762,65
5763,86
5764,217
5765,284
5766,351
5767,531
5768,617
5769,526
5770,552
5771,681
5772,780
5773,691
5774,860
5775,1201
5776,813
5777,404
5778,233
5779,131
5780,12
5781,18
5782,32
5783,69
5784,87
5785,166
5786,197
5787,452
5788,557
5789,578
5790,739
5791,584
5792,899
5793,864
5794,777
5795,728
5796,511
5797,399
5798,324
5799,349
5800,271
5801,54
5802,80
5803,11
5804,16
5805,18
5806,47
5807,133
5808,277
5809,501
5810,647
5811,724
5812,854
5813,815
5814,874
5815,860
5816,730
5817,631
5818,461
5819,457
5820,301
5821,297
5822,61
5823,68
5824,6
5825,20
5826,17
5827,22
5828,73
5829,124
5830,242
5831,208
5832,411
5833,477
5834,451
5835,533
5836,386
5837,357
5838,212
5839,172
5840,154
5841,48
5842,27
5843,25
5844,162
5845,222
5846,232
5847,342
5848,465
5849,367
5850,287
5851,329
5852,366
5853,357
5854,394
5855,400
5856,208
5857,121
5858,51
5859,1
5860,10
5861,23
5862,56
5863,89
5864,190
5865,302
5866,362
5867,675
5868,698
5869,707
5870,700
5871,882
5872,916
5873,758
5874,583
5875,500
5876,325
5877,220
5878,102
5879,54
5880,6
5881,11
5882,26
5883,72
5884,150
5885,310
5886,318
5887,243
5888,556
5889,437
5890,499
5891,445
5892,597
5893,685
5894,648
5895,481
5896,435
5897,215
5898,187
5899,96
5900,48
5901,11
5902,7
5903,29
5904,56
5905,120
5906,274
5907,233
5908,218
5909,428
5910,599
5911,418
5912,533
5913,678
5914,819
5915,752
5916,617
5917,473
5918,258
5919,205
5920,143
5921,77
5922,25
5923,13
5924,27
5925,66
5926,96
5927,110
5928,221
5929,386
5930,453
5931,513
5932,526
5933,567
5934,811
5935,776
5936,685
5937,701
5938,560
5939,376
5940,359
5941,302
5942,169
5943,31
5944,40
5945,9
5946,8
5947,17
5948,60
5949,115
5950,282
5951,500
5952,707
5953,790
5954,961
5955,998
5956,680
5957,655
5958,530
5959,365
5960,270
5961,251
5962,223
5963,197
5964,60
5965,38
5966,7
5967,5
5968,11
5969,26
5970,85
5971,137
5972,319
5973,611
5974,1075
5975,1489
5976,956
5977,632
5978,487
5979,529
5980,269
5981,207
5982,93
5983,73
5984,18
5985,1
5986,11
5987,22
5988,52
5989,153
5990,176
5991,159
5992,214
5993,397
5994,526
5995,508
5996,557
5997,739
5998,821
5999,660
6000,485
6001,366
6002,182
6003,123
6004,60
6005,40
6006,3
6007,8
6008,20
6009,55
6010,128
6011,178
6012,189
6013,292
6014,558
6015,687
6016,559
6017,516
6018,694
6019,791
6020,875
6021,554
6022,362
6023,199
6024,112
6025,97
6026,49
6027,3
6028,6
6029,22
6030,67
6031,140
6032,18
6033,8
6034,40
6035,46
6036,126
6037,56
6038,134
6039,652
6040,785
6041,718
6042,531
6043,431
6044,254
6045,150
6046,86
6047,39
6048,6
6049,18
6050,27
6051,55
6052,91
6053,75
6054,118
6055,167
6056,314
6057,329
6058,633
6059,778
6060,818
6061,737
6062,615
6063,403
6064,229
6065,193
6066,118
6067,60
6068,10
6069,16
6070,23
6071,59
6072,79
6073,117
6074,163
6075,252
6076,364
6077,447
6078,560
6079,561
6080,669
6081,406
6082,653
6083,526
6084,467
6085,334
6086,259
6087,167
6088,221
6089,28
6090,20
6091,2
6092,15
6093,21
6094,64
6095,110
6096,314
6097,454
6098,716
6099,785
6100,1034
6101,787
6102,489
6103,916
6104,615
6105,538
6106,668
6107,424
6108,1113
6109,340
6110,52
6111,12
6112,5
6113,12
6114,8
6115,20
6116,66
6117,152
6118,343
6119,600
6120,780
6121,640
6122,602
6123,476
6124,392
6125,263
6126,176
6127,68
6128,70
6129,27
6130,4
6131,4
6132,18
6133,53
6134,87
6135,233
6136,67
6137,74
6138,134
6139,167
6140,133
6141,370
6142,612
6143,677
6144,536
6145,454
6146,300
6147,142
6148,100
6149,69
6150,22
6151,3
6152,4
6153,25
6154,61
6155,68
6156,123
6157,165
6158,300
6159,494
6160,568
6161,467
6162,459
6163,670
6164,708
6165,706
6166,515
6167,388
6168,237
6169,163
6170,71
6171,38
6172,2
6173,10
6174,26
6175,55
6176,188
6177,151
6178,229
6179,281
6180,432
6181,562
6182,657
6183,616
6184,729
6185,769
6186,680
6187,482
6188,346
6189,163
6190,167
6191,79
6192,54
6193,10
6194,3
6195,25
6196,54
6197,86
6198,182
6199,209
6200,264
6201,438
6202,543
6203,634
6204,657
6205,698
6206,869
6207,823
6208,570
6209,497
6210,331
6211,218
6212,169
6213,145
6214,22
6215,26
6216,6
6217,6
6218,18
6219,49
6220,106
6221,322
6222,517
6223,724
6224,715
6225,833
6226,849
6227,855
6228,861
6229,536
6230,442
6231,349
6232,219
6233,229
6234,178
6235,24
6236,40
6237,10
6238,11
6239,17
6240,25
6241,75
6242,88
6243,285
6244,306
6245,429
6246,530
6247,551
6248,454
6249,463
6250,405
6251,195
6252,150
6253,60
6254,46
6255,25
6256,2
6257,4
6258,14
6259,53
6260,164
6261,180
6262,210
6263,270
6264,529
6265,589
6266,536
6267,546
6268,641
6269,611
6270,591
6271,434
6272,308
6273,181
6274,102
6275,73
6276,18
6277,4
6278,49
6279,24
6280,67
6281,94
6282,31
6283,190
6284,324
6285,416
6286,522
6287,472
6288,455
6289,583
6290,651
6291,453
6292,306
6293,233
6294,177
6295,110
6296,51
6297,16
6298,3
6299,8
6300,23
6301,68
6302,83
6303,170
6304,241
6305,341
6306,451
6307,528
6308,483
6309,511
6310,610
6311,788
6312,639
6313,582
6314,410
6315,205
6316,174
6317,91
6318,55
6319,9
6320,10
6321,24
6322,62
6323,96
6324,159
6325,252
6326,321
6327,578
6328,611
6329,577
6330,611
6331,704
6332,771
6333,702
6334,623
6335,468
6336,353
6337,146
6338,91
6339,85
6340,11
6341,11
6342,21
6343,54
6344,72
6345,115
6346,213
6347,439
6348,562
6349,668
6350,659
6351,782
6352,828
6353,898
6354,880
6355,854
6356,645
6357,525
6358,232
6359,193
6360,181
6361,37
6362,31
6363,16
6364,14
6365,15
6366,36
6367,116
6368,234
6369,367
6370,470
6371,674
6372,942
6373,911
6374,766
6375,621
6376,488
6377,465
6378,406
6379,264
6380,211
6381,191
6382,52
6383,43
6384,17
6385,10
6386,16
6387,30
6388,92
6389,175
6390,493
6391,719
6392,860
6393,949
6394,927
6395,848
6396,714
6397,519
6398,301
6399,131
6400,71
6401,50
6402,17
6403,5
6404,37
6405,74
6406,79
6407,170
6408,232
6409,300
6410,578
6411,577
6412,565
6413,555
6414,710
6415,768
6416,691
6417,661
6418,360
6419,204
6420,95
6421,45
6422,19
6423,5
6424,5
6425,21
6426,59
6427,88
6428,179
6429,207
6430,134
6431,488
6432,649
6433,578
6434,602
6435,649
6436,721
6437,733
6438,707
6439,477
6440,229
6441,143
6442,90
6443,53
6444,2
6445,19
6446,68
6447,83
6448,218
6449,237
6450,378
6451,588
6452,686
6453,674
6454,604
6455,641
6456,806
6457,775
6458,613
6459,492
6460,252
6461,155
6462,106
6463,285
6464,15
6465,9
6466,37
6467,78
6468,107
6469,232
6470,228
6471,408
6472,650
6473,684
6474,677
6475,730
6476,785
6477,896
6478,978
6479,851
6480,622
6481,318
6482,141
6483,111
6484,39
6485,13
6486,21
6487,26
6488,51
6489,70
6490,136
6491,173
6492,598
6493,762
6494,470
6495,689
6496,843
6497,975
6498,976
6499,818
6500,655
6501,433
6502,219
6503,189
6504,198
6505,20
6506,9
6507,29
6508,13
6509,17
6510,36
6511,102
6512,289
6513,616
6514,859
6515,1112
6516,1235
6517,1352
6518,1245
6519,1132
6520,861
6521,600
6522,463
6523,248
6524,205
6525,126
6526,64
6527,35
6528,8
6529,6
6530,10
6531,33
6532,99
6533,191
6534,533
6535,729
6536,1007
6537,1015
6538,912
6539,750
6540,500
6541,186
6542,121
6543,73
6544,17
6545,27
6546,2
6547,7
6548,48
6549,70
6550,131
6551,173
6552,357
6553,360
6554,509
6555,629
6556,530
6557,627
6558,717
6559,375
6560,456
6561,302
6562,178
6563,104
6564,34
6565,22
6566,1
6567,8
6568,31
6569,90
6570,114
6571,162
6572,214
6573,387
6574,509
6575,670
6576,507
6577,276
6578,577
6579,460
6580,272
6581,137
6582,66
6583,38
6584,13
6585,2
6586,6
6587,21
6588,64
6589,99
6590,199
6591,234
6592,309
6593,563
6594,617
6595,622
6596,615
6597,649
6598,869
6599,827
6600,636
6601,454
6602,344
6603,183
6604,92
6605,34
6606,5
6607,6
6608,24
6609,71
6610,137
6611,253
6612,228
6613,413
6614,491
6615,555
6616,452
6617,460
6618,642
6619,977
6620,756
6621,605
6622,394
6623,249
6624,146
6625,68
6626,59
6627,14
6628,6
6629,24
6630,65
6631,81
6632,192
6633,173
6634,304
6635,488
6636,591
6637,531
6638,639
6639,788
6640,779
6641,688
6642,548
6643,375
6644,241
6645,139
6646,63
6647,42
6648,22
6649,38
6650,15
6651,10
6652,16
6653,41
6654,123
6655,196
6656,375
6657,414
6658,520
6659,657
6660,669
6661,641
6662,542
6663,406
6664,269
6665,187
6666,181
6667,125
6668,110
6669,54
6670,41
6671,4
6672,3
6673,7
6674,25
6675,31
6676,143
6677,260
6678,408
6679,485
6680,556
6681,516
6682,460
6683,452
6684,265
6685,145
6686,77
6687,44
6688,21
6689,11
6690,2
6691,2
6692,18
6693,83
6694,92
6695,210
6696,185
6697,56
6698,86
6699,88
6700,68
6701,60
6702,307
6703,614
6704,501
6705,426
6706,264
6707,153
6708,90
6709,41
6710,15
6711,1
6712,3
6713,18
6714,99
6715,42
6716,52
6717,78
6718,71
6719,64
6720,66
6721,177
6722,301
6723,466
6724,653
6725,588
6726,482
6727,332
6728,164
6729,124
6730,46
6731,30
6732,2
6733,6
6734,27
6735,74
6736,104
6737,135
6738,174
6739,173
6740,284
6741,265
6742,272
6743,321
6744,398
6745,495
6746,450
6747,375
6748,184
6749,155
6750,110
6751,78
6752,47
6753,3
6754,6
6755,20
6756,82
6757,73
6758,166
6759,174
6760,288
6761,468
6762,453
6763,419
6764,421
6765,624
6766,770
6767,687
6768,547
6769,337
6770,278
6771,150
6772,72
6773,47
6774,10
6775,7
6776,22
6777,53
6778,31
6779,17
6780,6
6781,13
6782,14
6783,4
6784,6
6785,24
6786,721
6787,727
6788,655
6789,592
6790,369
6791,322
6792,197
6793,109
6794,25
6795,10
6796,17
6797,14
6798,22
6799,29
6800,125
6801,310
6802,424
6803,480
6804,612
6805,665
6806,743
6807,826
6808,674
6809,495
6810,381
6811,173
6812,173
6813,122
6814,116
6815,26
6816,41
6817,12
6818,6
6819,10
6820,24
6821,62
6822,99
6823,355
6824,508
6825,633
6826,591
6827,593
6828,505
6829,430
6830,349
6831,154
6832,112
6833,75
6834,50
6835,28
6836,7
6837,6
6838,24
6839,79
6840,18
6841,40
6842,31
6843,99
6844,34
6845,40
6846,62
6847,40
6848,450
6849,703
6850,658
6851,512
6852,350
6853,178
6854,100
6855,58
6856,33
6857,2
6858,3
6859,20
6860,77
6861,22
6862,4
6863,85
6864,8
6865,10
6866,6
6867,27
6868,14
6869,574
6870,763
6871,642
6872,342
6873,172
6874,127
6875,68
6876,31
6877,8
6878,6
6879,17
6880,81
6881,77
6882,154
6883,104
6884,249
6885,573
6886,491
6887,524
6888,536
6889,636
6890,813
6891,650
6892,494
6893,350
6894,224
6895,125
6896,67
6897,34
6898,25
6899,1
6900,18
6901,65
6902,76
6903,78
6904,119
6905,230
6906,400
6907,381
6908,372
6909,371
6910,617
6911,644
6912,680
6913,547
6914,383
6915,196
6916,105
6917,52
6918,31
6919,17
6920,3
6921,25
6922,65
6923,51
6924,20
6925,32
6926,68
6927,144
6928,128
6929,157
6930,370
6931,664
6932,790
6933,566
6934,597
6935,411
6936,310
6937,167
6938,113
6939,68
6940,30
6941,15
6942,9
6943,5
6944,8
6945,35
6946,95
6947,261
6948,506
6949,614
6950,695
6951,792
6952,848
6953,952
6954,724
6955,465
6956,301
6957,229
6958,185
6959,118
6960,111
6961,22
6962,24
6963,15
6964,12
6965,5
6966,13
6967,48
6968,103
6969,258
6970,317
6971,418
6972,505
6973,489
6974,425
6975,379
6976,250
6977,132
6978,86
6979,54
6980,64
6981,12
6982,1
6983,1
6984,17
6985,61
6986,98
6987,170
6988,205
6989,232
6990,467
6991,523
6992,556
6993,446
6994,608
6995,660
6996,553
6997,455
6998,303
6999,111
7000,64
7001,19
7002,0
7003,2
7004,19
7005,66
7006,151
7007,226
7008,385
7009,308
7010,558
7011,539
7012,546
7013,588
7014,607
7015,765
7016,670
7017,515
7018,380
7019,184
7020,127
7021,45
7022,22
7023,1
7024,8
7025,24
7026,100
7027,242
7028,293
7029,458
7030,350
7031,665
7032,895
7033,610
7034,537
7035,649
7036,836
7037,726
7038,408
7039,319
7040,187
7041,119
7042,60
7043,43
7044,2
7045,3
7046,31
7047,81
7048,227
7049,318
7050,334
7051,474
7052,689
7053,703
7054,661
7055,750
7056,705
7057,825
7058,703
7059,550
7060,354
7061,238
7062,141
7063,69
7064,30
7065,2
7066,7
7067,22
7068,65
7069,158
7070,372
7071,374
7072,473
7073,874
7074,742
7075,690
7076,688
7077,905
7078,803
7079,774
7080,476
7081,344
7082,290
7083,185
7084,137
7085,115
7086,28
7087,27
7088,36
7089,16
7090,18
7091,49
7092,121
7093,323
7094,515
7095,651
7096,791
7097,831
7098,851
7099,760
7100,669
7101,388
7102,284
7103,257
7104,161
7105,179
7106,157
7107,34
7108,119
7109,17
7110,17
7111,7
7112,13
7113,29
7114,101
7115,184
7116,482
7117,462
7118,547
7119,642
7120,641
7121,530
7122,476
7123,268
7124,126
7125,68
7126,48
7127,23
7128,15
7129,4
7130,4
7131,21
7132,65
7133,179
7134,338
7135,287
7136,382
7137,729
7138,494
7139,533
7140,548
7141,654
7142,645
7143,608
7144,420
7145,227
7146,147
7147,61
7148,54
7149,19
7150,2
7151,6
7152,20
7153,130
7154,151
7155,251
7156,380
7157,473
7158,878
7159,615
7160,534
7161,853
7162,815
7163,639
7164,472
7165,358
7166,203
7167,146
7168,66
7169,30
7170,36
7171,1
7172,10
7173,23
7174,86
7175,222
7176,262
7177,245
7178,554
7179,633
7180,593
7181,553
7182,378
7183,231
7184,762
7185,528
7186,377
7187,188
7188,115
7189,63
7190,30
7191,7
7192,7
7193,74
7194,86
7195,135
7196,252
7197,315
7198,370
7199,715
7200,925
7201,893
7202,698
7203,801
7204,829
7205,656
7206,508
7207,389
7208,196
7209,138
7210,54
7211,57
7212,5
7213,17
7214,33
7215,90
7216,114
7217,219
7218,272
7219,382
7220,354
7221,467
7222,544
7223,770
7224,649
7225,682
7226,795
7227,552
7228,411
7229,333
7230,179
7231,207
7232,131
7233,29
7234,18
7235,34
7236,5
7237,13
7238,45
7239,96
7240,199
7241,279
7242,324
7243,528
7244,682
7245,691
7246,605
7247,592
7248,420
7249,281
7250,249
7251,182
7252,161
7253,112
7254,81
7255,41
7256,29
7257,7
7258,28
7259,23
7260,95
7261,228
7262,315
7263,504
7264,555
7265,567
7266,610
7267,519
7268,552
7269,281
7270,159
7271,89
7272,45
7273,49
7274,14
7275,5
7276,4
7277,17
7278,67
7279,132
7280,341
7281,307
7282,304
7283,452
7284,538
7285,491
7286,514
7287,596
7288,631
7289,545
7290,469
7291,316
7292,190
7293,96
7294,48
7295,23
7296,1
7297,10
7298,33
7299,109
7300,184
7301,227
7302,344
7303,461
7304,855
7305,716
7306,678
7307,773
7308,666
7309,727
7310,656
7311,614
7312,392
7313,227
7314,144
7315,73
7316,18
7317,3
7318,4
7319,18
7320,94
7321,183
7322,427
7323,306
7324,315
7325,658
7326,763
7327,644
7328,760
7329,650
7330,736
7331,597
7332,426
7333,229
7334,153
7335,83
7336,84
7337,2
7338,8
7339,20
7340,71
7341,100
7342,214
7343,389
7344,567
7345,651
7346,677
7347,614
7348,710
7349,895
7350,815
7351,758
7352,436
7353,283
7354,216
7355,96
7356,95
7357,13
7358,6
7359,19
7360,81
7361,134
7362,223
7363,275
7364,424
7365,572
7366,645
7367,641
7368,872
7369,1214
7370,786
7371,656
7372,505
7373,394
7374,291
7375,234
7376,153
7377,138
7378,24
7379,21
7380,20
7381,8
7382,12
7383,49
7384,124
7385,363
7386,491
7387,681
7388,754
7389,834
7390,1010
7391,790
7392,621
7393,405
7394,296
7395,208
7396,138
7397,122
7398,104
7399,28
7400,11
7401,10
7402,11
7403,10
7404,15
7405,35
7406,105
7407,228
7408,328
7409,446
7410,402
7411,411
7412,406
7413,389
7414,271
7415,162
7416,109
7417,57
7418,39
7419,13
7420,3
7421,2
7422,16
7423,120
7424,118
7425,173
7426,264
7427,380
7428,483
7429,443
7430,464
7431,527
7432,625
7433,574
7434,432
7435,299
7436,144
7437,94
7438,34
7439,20
7440,3
7441,3
7442,22
7443,102
7444,109
7445,218
7446,234
7447,317
7448,508
7449,515
7450,579
7451,535
7452,610
7453,712
7454,688
7455,590
7456,375
7457,290
7458,171
7459,90
7460,62
7461,6
7462,7
7463,20
7464,74
7465,83
7466,188
7467,149
7468,210
7469,509
7470,481
7471,508
7472,625
7473,832
7474,777
7475,772
7476,527
7477,368
7478,327
7479,230
7480,189
7481,133
7482,39
7483,22
7484,10
7485,19
7486,24
7487,34
7488,130
7489,303
7490,489
7491,732
7492,998
7493,1172
7494,2131
7495,1968
7496,2006
7497,1318
7498,586
7499,554
7500,295
7501,244
7502,169
7503,55
7504,28
7505,3
7506,23
7507,20
7508,32
7509,85
7510,197
7511,389
7512,565
7513,677
7514,783
7515,882
7516,870
7517,718
7518,561
7519,318
7520,199
7521,91
7522,70
7523,21
7524,3
7525,9
7526,17
7527,76
7528,108
7529,185
7530,214
7531,337
7532,531
7533,564
7534,553
7535,620
7536,686
7537,785
7538,739
7539,535
7540,433
7541,277
7542,132
7543,70
7544,30
7545,2
7546,2
7547,31
7548,107
7549,143
7550,284
7551,353
7552,484
7553,432
7554,388
7555,591
7556,606
7557,697
7558,970
7559,953
7560,693
7561,578
7562,308
7563,172
7564,169
7565,105
7566,14
7567,6
7568,20
7569,92
7570,137
7571,482
7572,268
7573,350
7574,545
7575,582
7576,636
7577,585
7578,714
7579,924
7580,1163
7581,783
7582,554
7583,378
7584,231
7585,150
7586,65
7587,11
7588,10
7589,30
7590,69
7591,123
7592,208
7593,267
7594,409
7595,679
7596,777
7597,724
7598,831
7599,973
7600,1164
7601,1091
7602,771
7603,585
7604,412
7605,260
7606,197
7607,200
7608,33
7609,26
7610,11
7611,23
7612,28
7613,56
7614,102
7615,379
7616,607
7617,939
7618,1108
7619,1173
7620,1197
7621,1120
7622,894
7623,709
7624,374
7625,271
7626,177
7627,150
7628,159
7629,54
7630,28
7631,5
7632,10
7633,10
7634,31
7635,78
7636,163
7637,347
7638,528
7639,709
7640,754
7641,817
7642,670
7643,485
7644,217
7645,56
7646,40
7647,21
7648,6
7649,5
7650,16
7651,81
7652,137
7653,304
7654,85
7655,298
7656,585
7657,588
7658,590
7659,695
7660,745
7661,667
7662,427
7663,366
7664,170
7665,123
7666,82
7667,22
7668,2
7669,12
7670,29
7671,74
7672,168
7673,219
7674,339
7675,416
7676,654
7677,607
7678,692
7679,1043
7680,1061
7681,935
7682,789
7683,601
7684,417
7685,247
7686,195
7687,104
7688,54
7689,46
7690,24
7691,4
7692,9
7693,12
7694,34
7695,78
7696,237
7697,1192
7698,1521
7699,1818
7700,1684
7701,1770
7702,1382
7703,979
7704,452
7705,163
7706,110
7707,37
7708,32
7709,1
7710,25
7711,32
7712,89
7713,80
7714,192
7715,243
7716,439
7717,644
7718,843
7719,931
7720,1047
7721,1036
7722,1153
7723,1288
7724,1002
7725,572
7726,286
7727,148
7728,52
7729,21
7730,3
7731,6
7732,18
7733,76
7734,94
7735,189
7736,270
7737,452
7738,713
7739,947
7740,820
7741,913
7742,969
7743,1159
7744,1231
7745,1061
7746,675
7747,321
7748,222
7749,197
7750,118
7751,64
7752,40
7753,28
7754,39
7755,19
7756,43
7757,112
7758,778
7759,1189
7760,1316
7761,1500
7762,1533
7763,1480
7764,1394
7765,1288
7766,659
7767,315
7768,118
7769,70
7770,48
7771,7
7772,16
7773,21
7774,115
7775,69
7776,168
7777,193
7778,292
7779,700
7780,760
7781,906
7782,977
7783,1293
7784,1357
7785,1389
7786,1297
7787,881
7788,510
7789,259
7790,176
7791,173
7792,21
7793,19
7794,6
7795,2
7796,24
7797,41
7798,107
7799,528
7800,1168
7801,1752
7802,1941
7803,2391
7804,2325
7805,2395
7806,2086
7807,1653
7808,964
7809,474
7810,223
7811,171
7812,108
7813,47
7814,27
7815,14
7816,14
7817,20
7818,21
7819,98
7820,226
7821,768
7822,1262
7823,1578
7824,1860
7825,1776
7826,1762
7827,1547
7828,924
7829,467
7830,179
7831,129
7832,46
7833,34
7834,1
7835,5
7836,29
7837,118
7838,117
7839,43
7840,26
7841,32
7842,177
7843,66
7844,188
7845,913
7846,997
7847,1108
7848,1169
7849,977
7850,510
7851,242
7852,148
7853,61
7854,37
7855,2
7856,14
7857,22
7858,59
7859,122
7860,196
7861,270
7862,440
7863,930
7864,952
7865,873
7866,1072
7867,1374
7868,1294
7869,1075
7870,640
7871,362
7872,157
7873,103
7874,49
7875,3
7876,13
7877,19
7878,106
7879,88
7880,187
7881,200
7882,412
7883,651
7884,998
7885,921
7886,940
7887,1653
7888,2014
7889,1968
7890,1079
7891,498
7892,322
7893,149
7894,94
7895,0
7896,13
7897,22
7898,51
7899,131
7900,167
7901,133
7902,100
7903,433
7904,81
7905,641
7906,689
7907,701
7908,802
7909,931
7910,844
7911,604
7912,254
7913,186
7914,113
7915,77
7916,18
7917,25
7918,23
7919,96
7920,52
7921,203
7922,253
7923,530
7924,1077
7925,1215
7926,1289
7927,1250
7928,1573
7929,1814
7930,1920
7931,1747
7932,1246
7933,682
7934,343
7935,324
7936,230
7937,50
7938,25
7939,12
7940,34
7941,24
7942,36
7943,149
7944,508
7945,1317
7946,1817
7947,2068
7948,2254
7949,2607
7950,2509
7951,2321
7952,1744
7953,1086
7954,590
7955,228
7956,152
7957,190
7958,46
7959,51
7960,11
7961,9
7962,10
7963,32
7964,110
7965,336
7966,967
7967,1532
7968,1863
7969,2143
7970,2111
7971,1711
7972,1265
7973,614
7974,171
7975,172
7976,43
7977,27
7978,5
7979,3
7980,21
7981,73
7982,96
7983,178
7984,254
7985,546
7986,887
7987,1157
7988,1338
7989,1638
7990,1651
7991,1362
7992,313
7993,177
7994,73
7995,36
7996,8
7997,18
7998,20
7999,76
8000,81
8001,168
8002,227
8003,470
8004,972
8005,1143
8006,1215
8007,1334
8008,1470
8009,1826
8010,1832
8011,1602
8012,1055
8013,436
8014,169
8015,104
8016,56
8017,3
8018,15
8019,23
8020,80
8021,177
8022,212
8023,299
8024,541
8025,1078
8026,1220
8027,1286
8028,1212
8029,1404
8030,2047
8031,2228
8032,1689
8033,1137
8034,329
8035,202
8036,103
8037,64
8038,13
8039,10
8040,22
8041,72
8042,93
8043,201
8044,231
8045,426
8046,900
8047,1090
8048,1206
8049,1253
8050,1406
8051,1654
8052,1794
8053,1463
8054,1031
8055,292
8056,173
8057,94
8058,59
8059,6
8060,9
8061,15
8062,77
8063,42
8064,111
8065,250
8066,400
8067,772
8068,995
8069,1080
8070,1249
8071,1373
8072,1499
8073,1467
8074,1335
8075,1027
8076,507
8077,166
8078,124
8079,61
8080,14
8081,20
8082,12
8083,15
8084,27
8085,34
8086,102
8087,288
8088,453
8089,662
8090,778
8091,863
8092,906
8093,797
8094,805
8095,538
8096,386
8097,247
8098,118
8099,77
8100,39
8101,4
8102,2
8103,9
8104,13
8105,18
8106,48
8107,77
8108,172
8109,214
8110,292
8111,308
8112,337
8113,309
8114,400
8115,303
8116,298
8117,262
8118,164
8119,119
8120,73
8121,38
8122,3
8123,4
8124,2
8125,3
8126,17
8127,12
8128,36
8129,67
8130,174
8131,279
8132,444
8133,452
8134,352
8135,455
8136,402
8137,375
8138,238
8139,145
8140,101
8141,57
8142,34
8143,10
8144,18
8145,11
8146,8
8147,36
8148,16
8149,65
8150,136
8151,347
8152,371
8153,638
8154,652
8155,658
8156,555
8157,572
8158,468
8159,247
8160,139
8161,83
8162,46
8163,29
8164,7
8165,5
8166,12
8167,27
8168,25
8169,61
8170,156
8171,280
8172,550
8173,659
8174,688
8175,710
8176,890
8177,835
8178,711
8179,614
8180,403
8181,271
8182,123
8183,70
8184,49
8185,2
8186,3
8187,5
8188,35
8189,40
8190,89
8191,156
8192,317
8193,663
8194,695
8195,813
8196,849
8197,825
8198,806
8199,779
8200,603
8201,466
8202,222
8203,190
8204,58
8205,46
8206,11
8207,16
8208,9
8209,46
8210,39
8211,80
8212,119
8213,272
8214,575
8215,633
8216,775
8217,759
8218,799
8219,701
8220,663
8221,554
8222,400
8223,347
8224,163
8225,84
8226,70
8227,17
8228,11
8229,10
8230,14
8231,20
8232,24
8233,100
8234,261
8235,484
8236,614
8237,673
8238,801
8239,876
8240,799
8241,650
8242,479
8243,303
8244,182
8245,170
8246,93
8247,51
8248,353
8249,544
8250,608
8251,689
8252,528
8253,501
8254,482
8255,287
8256,340
8257,277
8258,379
8259,332
8260,503
8261,152
8262,108
8263,26
8264,21
8265,23
8266,21
8267,50
8268,81
8269,119
8270,217
8271,227
8272,291
8273,291
8274,247
8275,147
8276,166
8277,108
8278,65
8279,34
8280,23
8281,11
8282,4
8283,2
8284,27
8285,61
8286,59
8287,110
8288,146
8289,229
8290,462
8291,463
8292,571
8293,585
8294,637
8295,694
8296,521
8297,412
8298,285
8299,138
8300,80
8301,24
8302,24
8303,2
8304,5
8305,19
8306,94
8307,73
8308,89
8309,135
8310,208
8311,397
8312,444
8313,461
8314,523
8315,615
8316,755
8317,870
8318,694
8319,510
8320,243
8321,141
8322,74
8323,22
8324,2
8325,9
8326,18
8327,84
8328,74
8329,155
8330,148
8331,219
8332,432
8333,454
8334,515
8335,564
8336,581
8337,766
8338,985
8339,765
8340,555
8341,395
8342,204
8343,58
8344,27
8345,6
8346,9
8347,14
8348,56
8349,60
8350,114
8351,135
8352,212
8353,362
8354,447
8355,560
8356,609
8357,608
8358,776
8359,1040
8360,965
8361,836
8362,580
8363,289
8364,146
8365,112
8366,32
8367,12
8368,38
8369,10
8370,20
8371,38
8372,72
8373,169
8374,328
8375,403
8376,527
8377,675
8378,700
8379,925
8380,1555
8381,1467
8382,1106
8383,765
8384,395
8385,150
8386,94
8387,10
8388,9
8389,5
8390,13
8391,13
8392,15
8393,26
8394,75
8395,240
8396,346
8397,431
8398,511
8399,505
8400,606
8401,1133
8402,1060
8403,760
8404,517
8405,251
8406,82
8407,11
8408,3
8409,11
8410,11
8411,93
8412,96
8413,142
8414,128
8415,200
8416,336
8417,419
8418,439
8419,412
8420,519
8421,651
8422,618
8423,413
8424,302
8425,162
8426,95
8427,37
8428,14
8429,11
8430,17
8431,27
8432,71
8433,114
8434,197
8435,221
8436,301
8437,509
8438,510
8439,480
8440,585
8441,694
8442,670
8443,440
8444,345
8445,223
8446,119
8447,48
8448,15
8449,6
8450,8
8451,32
8452,115
8453,62
8454,165
8455,255
8456,241
8457,259
8458,177
8459,475
8460,566
8461,689
8462,760
8463,656
8464,523
8465,301
8466,219
8467,121
8468,63
8469,26
8470,2
8471,1
8472,20
8473,54
8474,134
8475,251
8476,184
8477,307
8478,490
8479,573
8480,544
8481,495
8482,621
8483,750
8484,653
8485,456
8486,289
8487,209
8488,98
8489,55
8490,33
8491,5
8492,7
8493,19
8494,50
8495,67
8496,162
8497,160
8498,193
8499,285
8500,384
8501,419
8502,418
8503,568
8504,590
8505,427
8506,300
8507,251
8508,194
8509,127
8510,66
8511,97
8512,13
8513,7
8514,15
8515,46
8516,46
8517,0
8518,0
8519,1
8520,0
8521,0
8522,0
8523,4
8524,563
8525,670
8526,637
8527,402
8528,284
8529,225
8530,167
8531,119
8532,118
8533,45
8534,42
8535,10
8536,5
8537,16
8538,18
8539,64
8540,114
8541,259
8542,375
8543,450
8544,570
8545,481
8546,516
8547,399
8548,256
8549,142
8550,84
8551,56
8552,39
8553,22
8554,5
8555,2
8556,18
8557,80
8558,277
8559,1
8560,4
8561,5
8562,28
8563,14
8564,21
8565,11
8566,22
8567,456
8568,611
8569,451
8570,255
8571,170
8572,109
8573,38
8574,18
8575,2
8576,3
8577,26
8578,72
8579,183
8580,194
8581,325
8582,308
8583,445
8584,454
8585,466
8586,548
8587,646
8588,717
8589,584
8590,437
8591,302
8592,177
8593,108
8594,48
8595,23
8596,5
8597,21
8598,35
8599,97
8600,121
8601,145
8602,171
8603,209
8604,430
8605,474
8606,492
8607,538
8608,652
8609,717
8610,675
8611,470
8612,339
8613,239
8614,155
8615,88
8616,33
8617,1
8618,18
8619,19
8620,68
8621,116
8622,87
8623,71
8624,44
8625,111
8626,120
8627,95
8628,180
8629,358
8630,561
8631,516
8632,439
8633,356
8634,278
8635,145
8636,146
8637,67
8638,10
8639,10
8640,17
8641,86
8642,142
8643,159
8644,123
8645,229
8646,457
8647,557
8648,559
8649,650
8650,763
8651,716
8652,590
8653,533
8654,399
8655,240
8656,168
8657,221
8658,157
8659,15
8660,11
8661,9
8662,22
8663,27
8664,66
8665,100
8666,278
8667,466
8668,562
8669,670
8670,834
8671,1014
8672,795
8673,711
8674,437
8675,320
8676,262
8677,239
8678,216
8679,224
8680,48
8681,15
8682,4
8683,19
8684,15
8685,21
8686,80
8687,122
8688,297
8689,473
8690,454
8691,475
8692,418
8693,427
8694,317
8695,283
8696,147
8697,109
8698,52
8699,32
8700,23
8701,3
8702,14
8703,42
8704,89
8705,106
8706,182
8707,214
8708,238
8709,392
8710,411
8711,396
8712,341
8713,462
8714,539
8715,506
8716,323
8717,279
8718,160
8719,95
8720,45
8721,15
8722,5
8723,3
8724,22
8725,82
8726,109
8727,192
8728,178
8729,243
8730,495
8731,513
8732,425
8733,465
8734,590
8735,753
8736,671
8737,437
8738,327
8739,195
8740,148
8741,53
8742,40
8743,21
8744,8
8745,22
8746,83
8747,91
8748,143
8749,173
8750,339
8751,537
8752,689
8753,656
8754,604
8755,763
8756,810
8757,705
8758,539
8759,430
8760,294
8761,170
8762,170
8763,106
8764,26
8765,23
8766,6
8767,25
8768,26
8769,53
8770,116
8771,266
8772,447
8773,622
8774,749
8775,778
8776,923
8777,787
8778,724
8779,462
8780,384
8781,284
8782,220
8783,163
8784,143
8785,32
8786,27
8787,18
8788,9
8789,13
8790,21
8791,84
8792,200
8793,343
8794,441
8795,540
8796,542
8797,583
8798,500
8799,465
8800,281
8801,159
8802,108
8803,48
8804,30
8805,17
8806,3
8807,8
8808,22
8809,84
8810,157
8811,250
8812,170
8813,242
8814,581
8815,561
8816,529
8817,489
8818,688
8819,718
8820,685
8821,468
8822,338
8823,158
8824,139
8825,71
8826,21
8827,2
8828,10
8829,30
8830,69
8831,88
8832,171
8833,163
8834,284
8835,453
8836,887
8837,489
8838,443
8839,547
8840,637
8841,691
8842,475
8843,326
8844,192
8845,107
8846,79
8847,27
8848,5
8849,18
8850,20
8851,67
8852,74
8853,168
8854,221
8855,329
8856,858
8857,997
8858,1289
8859,795
8860,669
8861,733
8862,679
8863,472
8864,386
8865,220
8866,130
8867,52
8868,53
8869,2
8870,10
8871,34
8872,69
8873,80
8874,158
8875,179
8876,232
8877,317
8878,402
8879,392
8880,404
8881,449
8882,516
8883,469
8884,334
8885,292
8886,181
8887,121
8888,61
8889,52
8890,10
8891,10
8892,16
8893,19
8894,27
8895,43
8896,143
8897,252
8898,463
8899,640
8900,799
8901,977
8902,904
8903,761
8904,686
8905,618
8906,420
8907,308
8908,216
8909,188
8910,169
8911,0
8912,6
8913,25
8914,71
8915,122
8916,229
8917,222
8918,314
8919,533
8920,609
8921,591
8922,557
8923,620
8924,784
8925,656
8926,483
8927,475
8928,205
8929,125
8930,47
8931,32
8932,1
8933,3
8934,21
8935,74
8936,127
8937,232
8938,205
8939,319
8940,574
8941,620
8942,584
8943,643
8944,710
8945,757
8946,770
8947,727
8948,328
8949,193
8950,136
8951,43
8952,27
8953,6
8954,23
8955,145
8956,246
8957,256
8958,514
8959,619
8960,601
8961,484
8962,598
8963,767
8964,700
8965,549
8966,362
8967,183
8968,105
8969,68
8970,30
8971,4
8972,3
8973,29
8974,64
8975,112
8976,200
8977,162
8978,266
8979,479
8980,597
8981,694
8982,700
8983,674
8984,781
8985,676
8986,482
8987,352
8988,231
8989,113
8990,54
8991,56
8992,21
8993,20
8994,16
8995,14
8996,17
8997,47
8998,90
8999,242
9000,388
9001,533
9002,659
9003,772
9004,805
9005,685
9006,566
9007,394
9008,285
9009,212
9010,195
9011,113
9012,110
9013,35
9014,23
9015,11
9016,12
9017,8
9018,29
9019,61
9020,147
9021,289
9022,414
9023,479
9024,485
9025,491
9026,425
9027,299
9028,239
9029,97
9030,66
9031,43
9032,26
9033,15
9034,2
9035,5
9036,22
9037,70
9038,139
9039,177
9040,183
9041,198
9042,316
9043,351
9044,305
9045,414
9046,487
9047,579
9048,585
9049,396
9050,240
9051,150
9052,80
9053,36
9054,23
9055,10
9056,21
9057,39
9058,79
9059,158
9060,248
9061,234
9062,240
9063,393
9064,432
9065,375
9066,485
9067,641
9068,799
9069,681
9070,582
9071,427
9072,325
9073,231
9074,143
9075,47
9076,5
9077,7
9078,32
9079,107
9080,181
9081,418
9082,276
9083,308
9084,450
9085,434
9086,466
9087,470
9088,607
9089,671
9090,581
9091,545
9092,324
9093,251
9094,157
9095,68
9096,3
9097,6
9098,20
9099,61
9100,87
9101,175
9102,206
9103,417
9104,884
9105,749
9106,830
9107,640
9108,614
9109,566
9110,513
9111,408
9112,262
9113,232
9114,117
9115,112
9116,87
9117,0
9118,4
9119,30
9120,58
9121,95
9122,128
9123,190
9124,291
9125,463
9126,503
9127,548
9128,448
9129,601
9130,661
9131,672
9132,433
9133,287
9134,150
9135,71
9136,41
9137,28
9138,2
9139,9
9140,22
9141,79
9142,85
9143,136
9144,156
9145,326
9146,565
9147,550
9148,555
9149,552
9150,650
9151,654
9152,675
9153,434
9154,306
9155,199
9156,101
9157,53
9158,26
9159,10
9160,5
9161,22
9162,65
9163,86
9164,80
9165,141
9166,190
9167,427
9168,435
9169,427
9170,466
9171,514
9172,531
9173,482
9174,386
9175,367
9176,243
9177,145
9178,167
9179,120
9180,20
9181,13
9182,8
9183,8
9184,11
9185,40
9186,103
9187,299
9188,499
9189,691
9190,836
9191,907
9192,763
9193,828
9194,827
9195,426
9196,292
9197,154
9198,121
9199,89
9200,115
9201,30
9202,22
9203,6
9204,8
9205,17
9206,28
9207,75
9208,150
9209,351
9210,508
9211,567
9212,572
9213,576
9214,517
9215,454
9216,245
9217,144
9218,99
9219,85
9220,48
9221,29
9222,4
9223,3
9224,17
9225,84
9226,113
9227,172
9228,160
9229,242
9230,379
9231,492
9232,498
9233,412
9234,505
9235,557
9236,444
9237,272
9238,152
9239,121
9240,36
9241,21
9242,1
9243,6
9244,68
9245,46
9246,86
9247,212
9248,172
9249,225
9250,302
9251,317
9252,309
9253,301
9254,493
9255,805
9256,674
9257,485
9258,384
9259,241
9260,117
9261,55
9262,22
9263,2
9264,0
9265,27
9266,53
9267,118
9268,153
9269,174
9270,288
9271,541
9272,644
9273,624
9274,560
9275,667
9276,767
9277,692
9278,500
9279,354
9280,212
9281,112
9282,66
9283,40
9284,2
9285,4
9286,15
9287,56
9288,234
9289,335
9290,240
9291,454
9292,602
9293,675
9294,563
9295,632
9296,680
9297,810
9298,786
9299,483
9300,378
9301,223
9302,178
9303,100
9304,32
9305,9
9306,12
9307,27
9308,86
9309,140
9310,227
9311,303
9312,401
9313,608
9314,721
9315,852
9316,733
9317,723
9318,762
9319,674
9320,607
9321,382
9322,276
9323,178
9324,155
9325,97
9326,25
9327,8
9328,16
9329,34
9330,20
9331,51
9332,137
9333,324
9334,569
9335,746
9336,893
9337,928
9338,701
9339,631
9340,492
9341,294
9342,220
9343,176
9344,139
9345,105
9346,33
9347,29
9348,7
9349,15
9350,19
9351,36
9352,95
9353,154
9354,322
9355,605
9356,628
9357,604
9358,598
9359,468
9360,283
9361,145
9362,92
9363,58
9364,39
9365,12
9366,4
9367,3
9368,18
9369,75
9370,134
9371,145
9372,112
9373,287
9374,542
9375,604
9376,431
9377,525
9378,676
9379,578
9380,714
9381,501
9382,306
9383,204
9384,104
9385,40
9386,22
9387,2
9388,3
9389,16
9390,90
9391,201
9392,308
9393,266
9394,307
9395,505
9396,461
9397,536
9398,527
9399,612
9400,798
9401,762
9402,550
9403,352
9404,216
9405,144
9406,66
9407,38
9408,0
9409,9
9410,20
9411,90
9412,140
9413,224
9414,231
9415,368
9416,618
9417,536
9418,598
9419,665
9420,639
9421,756
9422,702
9423,566
9424,380
9425,165
9426,182
9427,59
9428,34
9429,9
9430,4
9431,23
9432,96
9433,146
9434,262
9435,325
9436,449
9437,709
9438,823
9439,761
9440,922
9441,866
9442,1034
9443,770
9444,539
9445,398
9446,309
9447,125
9448,77
9449,56
9450,9
9451,13
9452,21
9453,65
9454,111
9455,217
9456,245
9457,368
9458,638
9459,675
9460,745
9461,742
9462,730
9463,905
9464,872
9465,696
9466,459
9467,348
9468,165
9469,166
9470,107
9471,30
9472,14
9473,8
9474,16
9475,39
9476,46
9477,117
9478,298
9479,476
9480,635
9481,870
9482,895
9483,788
9484,706
9485,690
9486,467
9487,328
9488,372
9489,194
9490,190
9491,153
9492,12
9493,41
9494,31
9495,165
9496,289
9497,503
9498,588
9499,639
9500,626
9501,591
9502,447
9503,267
9504,153
9505,102
9506,69
9507,49
9508,14
9509,5
9510,7
9511,26
9512,59
9513,93
9514,192
9515,238
9516,321
9517,499
9518,603
9519,522
9520,531
9521,680
9522,632
9523,459
9524,307
9525,200
9526,91
9527,32
9528,36
9529,0
9530,8
9531,17
9532,58
9533,97
9534,167
9535,169
9536,292
9537,479
9538,543
9539,602
9540,545
9541,681
9542,876
9543,720
9544,601
9545,319
9546,146
9547,104
9548,55
9549,26
9550,4
9551,6
9552,28
9553,142
9554,130
9555,190
9556,202
9557,269
9558,430
9559,408
9560,413
9561,430
9562,602
9563,624
9564,541
9565,419
9566,299
9567,146
9568,115
9569,61
9570,33
9571,1
9572,3
9573,16
9574,88
9575,118
9576,236
9577,303
9578,366
9579,545
9580,542
9581,454
9582,627
9583,583
9584,671
9585,594
9586,323
9587,285
9588,188
9589,107
9590,75
9591,68
9592,8
9593,5
9594,18
9595,90
9596,151
9597,172
9598,289
9599,382
9600,547
9601,537
9602,567
9603,595
9604,643
9605,689
9606,555
9607,499
9608,321
9609,265
9610,199
9611,212
9612,164
9613,22
9614,26
9615,8
9616,23
9617,33
9618,39
9619,135
9620,274
9621,503
9622,675
9623,803
9624,836
9625,736
9626,812
9627,662
9628,458
9629,307
9630,174
9631,202
9632,144
9633,161
9634,45
9635,26
9636,9
9637,9
9638,7
9639,55
9640,77
9641,145
9642,230
9643,476
9644,474
9645,519
9646,529
9647,505
9648,357
9649,288
9650,187
9651,118
9652,73
9653,24
9654,11
9655,6
9656,5
9657,18
9658,120
9659,174
9660,445
9661,467
9662,294
9663,531
9664,593
9665,519
9666,519
9667,590
9668,717
9669,579
9670,431
9671,291
9672,192
9673,84
9674,52
9675,32
9676,5
9677,5
9678,28
9679,99
9680,165
9681,271
9682,306
9683,320
9684,473
9685,525
9686,539
9687,605
9688,640
9689,801
9690,711
9691,628
9692,425
9693,387
9694,174
9695,101
9696,25
9697,7
9698,5
9699,65
9700,122
9701,309
9702,254
9703,431
9704,341
9705,531
9706,553
9707,518
9708,536
9709,550
9710,706
9711,687
9712,498
9713,343
9714,182
9715,134
9716,59
9717,27
9718,5
9719,9
9720,19
9721,63
9722,180
9723,228
9724,266
9725,496
9726,460
9727,507
9728,539
9729,510
9730,545
9731,767
9732,531
9733,489
9734,287
9735,188
9736,109
9737,74
9738,48
9739,3
9740,20
9741,16
9742,59
9743,111
9744,278
9745,243
9746,349
9747,470
9748,477
9749,582
9750,594
9751,569
9752,583
9753,561
9754,405
9755,343
9756,232
9757,185
9758,124
9759,97
9760,17
9761,7
9762,7
9763,20
9764,32
9765,31
9766,105
9767,267
9768,494
9769,665
9770,789
9771,792
9772,750
9773,781
9774,636
9775,386
9776,356
9777,230
9778,174
9779,155
9780,105
9781,21
9782,14
9783,9
9784,11
9785,25
9786,35
9787,83
9788,172
9789,295
9790,396
9791,436
9792,484
9793,525
9794,525
9795,467
9796,327
9797,163
9798,94
9799,83
9800,35
9801,27
9802,4
9803,10
9804,22
9805,67
9806,113
9807,200
9808,202
9809,304
9810,406
9811,456
9812,488
9813,526
9814,491
9815,615
9816,541
9817,450
9818,305
9819,179
9820,106
9821,42
9822,25
9823,6
9824,19
9825,27
9826,88
9827,171
9828,314
9829,295
9830,345
9831,548
9832,521
9833,509
9834,483
9835,626
9836,741
9837,649
9838,579
9839,411
9840,232
9841,137
9842,90
9843,24
9844,2
9845,4
9846,34
9847,68
9848,138
9849,291
9850,276
9851,394
9852,486
9853,583
9854,558
9855,504
9856,713
9857,742
9858,576
9859,410
9860,371
9861,158
9862,112
9863,61
9864,33
9865,10
9866,9
9867,39
9868,92
9869,224
9870,276
9871,396
9872,982
9873,623
9874,664
9875,628
9876,630
9877,777
9878,735
9879,675
9880,749
9881,460
9882,340
9883,208
9884,118
9885,44
9886,14
9887,14
9888,16
9889,32
9890,23
9891,27
9892,109
9893,169
9894,401
9895,580
9896,755
9897,642
9898,539
9899,465
9900,434
9901,387
9902,251
9903,167
9904,245
9905,152
9906,83
9907,13
9908,1
9909,11
9910,19
9911,41
9912,122
9913,294
9914,563
9915,656
9916,757
9917,850
9918,795
9919,774
9920,707
9921,533
9922,422
9923,490
9924,399
9925,415
9926,123
9927,36
9928,9
9929,11
9930,28
9931,71
9932,188
9933,394
9934,393
9935,402
9936,452
9937,401
9938,446
9939,452
9940,286
9941,228
9942,217
9943,102
9944,58
9945,40
9946,8
9947,33
9948,10
9949,24
9950,34
9951,39
9952,92
9953,156
9954,301
9955,409
9956,494
9957,469
9958,618
9959,496
9960,445
9961,343
9962,241
9963,150
9964,68
9965,44
9966,28
9967,12
9968,11
9969,24
9970,67
9971,114
9972,526
9973,318
9974,403
9975,529
9976,582
9977,570
9978,564
9979,561
9980,477
9981,444
9982,374
9983,432
9984,154
9985,123
9986,59
9987,28
9988,6
9989,7
9990,24
9991,80
9992,176
9993,296
9994,287
9995,650
9996,692
9997,695
9998,468
9999,607
